螟沥家疙,斥/岿/老,雀瞒,荐缴(m),荐柯(∩),DO(Х/L),BOD(Х/L),COD(Х/L),努肺肺鞘 a(Х/З),TN(Х/L),TP(Х/L),TOC(Х/L),荐家捞柯丑档,其愁幅(Х/L),傈扁傈档档(レS/Н),醚措厘闭焙荐(醚措厘闭焙荐/100ml),墨靛古(Х/L),矫救(Х/L),吵(Х/L),6啊农芬(Х/L),厚家(Х/L),荐篮(Х/L),备府(Х/L),酒楷(Х/L),农芬(Х/L),聪奶(Х/L),官俘(Х/L),伎饭唇(Х/L),侩粮醚龙家(Х/L),鞠葛聪酒己 龙家(Х/L),龙魂己 龙家(Х/L),侩粮醚牢(Х/L),牢魂堪牢(Х/L),SS(Х/L),琼荤努肺肺亥哩 (Ф/L),盒盔己措厘闭焙荐,阂家(Х/L),祸档(Х/L),畴富琼魂眠免拱龙(Х/L),侩秦己噶埃(Х/L),侩秦己枚(Х/L),澜捞柯拌搁劝己力(Х/L),飘府努肺肺俊瓶坊 (Х/L),抛飘扼努肺肺俊瓶坊(Х/L),荤堪拳藕家,1.2-叼努肺肺俊藕(Х/L),叼努肺肺皋藕(Х/L),亥哩(Х/L),弃府农肺府匙捞萍飘厚其匆(Х/L),蜡扁牢(Х/L),救萍阁 (Х/L),努肺肺器抚 (Х/L),叼俊瓶琼角橇呕饭捞飘 (Х/L),1.4-促捞苛技牢 (Х/L),捧疙档(m),蜡樊(З/s),器抚舅单洒靛(Х/L)
措没达4,2002-03-04,1雀瞒,64.3,6,13.4,1,3.2,2.8,2.064,0.03,,7.7,0,151,7,0,0,0,0,0,0,,,,,,,,0.004,1.844,,0.006,0.7,,0,,,,,,0,,,,,,,,,,,,,3.7,,
措没达4,2002-04-03,1雀瞒,66.4,14,11.5,1.1,3,4.6,1.96,0.024,,7.9,0,126,7,,,,,,,,,,,,,,0.109,1.428,,0.006,2,,0,,,,,,,,,,,,,,,,,,,1.3,,
措没达4,2002-05-06,1雀瞒,68.5,17,9.1,1.4,3.8,2.1,2.429,0.058,,7.2,0,86,7,,,,,,,,,,,,,,0.09,1.569,,0.025,16.7,,0,,,,,,,,,,,,,,,,,,,1.3,,
措没达4,2002-06-10,1雀瞒,67.8,22,4.5,1.4,3.7,17.7,1.976,0.028,,7.5,0,147,17,0,0,0,0,0,0,,,,,,,,0.264,1.439,,0.003,4,,4,,,,,,0,,,,,,,,,,,,,1.4,,
措没达4,2002-07-02,1雀瞒,65.1,22,6.4,1.8,4.7,11.7,1.496,0.048,,7.7,0,157,1,,,,,,,,,,,,,,0.169,0.795,,0.003,8.5,,0,,,,,,,0,0,,,,,0,0,,,,,1.4,,
措没达4,2002-08-06,1雀瞒,65.1,28,5,1.1,3.1,13.8,1.912,0.024,,7.4,0,85,2,,,,,,,,,,,,,1.256,0.279,0.558,0.009,0.005,1.9,,1,,,,,,,,,,,,,,,,,,,2,,
措没达4,2002-09-10,1雀瞒,76.1,22,9.5,1.5,4.6,24,1.88,0.067,,7.5,0,49,4,0,0,0,0,0,0,,,,,,,1.8,0.067,1.121,0.035,0.031,3.3,,1,,,,,,0,,,,,,,,,,,,,1,,
措没达4,2002-10-02,1雀瞒,72.9,22,9.6,1.8,3.8,49.6,1.624,0.043,,7.8,0,74,2,,,,,,,,,,,,,1.272,0.128,0.89,0.015,0.011,5.5,,0,,,,,,,,,,,,,,,,,,,1.1,,
措没达4,2002-11-11,1雀瞒,72.4,13,17.7,1.4,2,34.1,1.944,0.017,,7.8,0,73,3,,,,,,,,,,,,,1.464,0.047,1.063,0.011,0,1.7,,0,,,,,,,,,,,,,,,,,,,1.8,,
措没达4,2002-12-04,1雀瞒,71.6,8,12.8,0.9,2.5,5.3,1.688,0.018,,7.7,0,109,2,0,0,0,0,0,0,,,,,,,1.269,0.016,1.015,0.007,0.003,1.7,,0,,,,,,0,,,,,,,,,,,,,3,,
措没达4,2003-03-05,1雀瞒,70.5,7,11,1.1,2.4,4,2.488,0.015,,7.6,0,128,3,0,0,0,0,0,0,,,,,,,2.424,0.055,2.235,0.012,0.005,4.8,,0,,,,,,0,,,,,,,,,,,,,1,,
措没达4,2003-04-02,1雀瞒,70.6,9,11.1,1.4,2.9,13.3,1.594,0.019,,8.1,0,124,1,,,,,,,,,,,,,1.571,0.066,1.385,0.012,0.004,2.3,,0,,,,,,,,,,,,,,,,,,,1.4,,
措没达4,2003-05-06,1雀瞒,73.9,15,10.8,1.3,2.8,21.9,2.075,0.03,,7.4,0,99,3,,,,,,,,,,,,,1.915,0.175,1.124,0.024,0.02,6.5,,0,,,,,,,,,,,,,,,,,,,1,,
措没达4,2003-06-03,1雀瞒,72.6,19,10.6,1,3.4,18.4,1.867,0.048,,7.6,0,112,0,0,0,0,0,0,0,,,,,,,1.84,0.171,1.543,0.024,0.017,2.6,,0,,,,,,0,,,,,,,,,,,,,1.2,,
措没达4,2003-07-01,1雀瞒,65.9,21,8.8,1.1,2.9,8.3,1.851,0.045,,6.7,0,112,5,,,,,,,,,,,,,1.829,0.083,1.687,0.034,0.022,3.4,,0,,,,,,,0,0,,,,,0,0,,,,,0.7,,
措没达4,2003-08-05,1雀瞒,70.4,24,8.9,1.3,3,7.4,1.269,0.029,,7.7,0,84,1,,,,,,,,,,,,,1.064,0.21,0.812,0.02,0.001,7.5,,1,,,,,,,,,,,,,,,,,,,0.7,,
措没达4,2003-09-01,1雀瞒,73.5,22,8.7,1.5,2.8,7.7,1.103,0.05,,7.3,0,84,2,0,0,0,0,0,0,,,,,,,1.01,0.033,0.95,0.023,0.012,3.4,,0,,,,,,0,,,,,,,,,,,,,1.1,,
措没达4,2003-10-07,1雀瞒,73.3,21,7.8,0.9,2.8,7.3,1.369,0.023,,7.5,0,94,6,,,,,,,,,,,,,1.283,0.118,1.078,0.013,0.008,2.3,,0,,,,,,,,,,,,,,,,,,,2.6,,
措没达4,2003-11-04,1雀瞒,72.6,16,9.7,1.1,2.4,3.8,1.311,0.014,,7.6,0,112,2,,,,,,,,,,,,,1.14,0.036,1.007,0.008,0.001,0.8,,0,,,,,,,,,,,,,,,,,,,2.3,,
措没达4,2003-12-02,1雀瞒,71.6,11,10.4,0.8,2.6,9.1,1.398,0.013,,7.5,0,113,2,0,0,0,0,0,0,,,,,,,1.28,0.057,1.156,0.006,0.004,1,,0,,,,,,0,,,,,,,,,,,,,1.9,,
措没达4,2004-03-02,1雀瞒,68.6,5,13.4,0.9,2.5,5,1.741,0.015,,7.8,0,144,0,0,0,0,0,0,0,,,,,,,1.681,0.073,1.578,0.012,0.002,1.1,,0,,,,,,0,,,,,,,,,,,,,2.8,,
措没达4,2004-04-02,1雀瞒 惑摸何,67.7,12,12,1.1,2.8,10,1.968,0.016,,8,0,146,0,,,,,,,,,,,,,1.748,0.09,1.656,0.009,0.003,1.7,,0,,,,,,,,,,,,,,,,,,,1.7,,
措没达4,2004-04-02,1雀瞒 吝摸何,,12,12,0.9,2.7,,1.848,0.017,,7.9,,146,,,,,,,,,,,,,,1.791,0.092,1.575,0.011,0.004,1.3,,,,,,,,,,,,,,,,,,,,,,,
措没达4,2004-04-02,1雀瞒 窍摸何,,9,12,0.8,2.6,,1.723,0.013,,7.6,,152,,,,,,,,,,,,,,1.653,0.094,1.516,0.01,0.004,0.7,,,,,,,,,,,,,,,,,,,,,,,
措没达4,2004-05-04,1雀瞒 惑摸何,66,18,12.2,0.9,3.1,35.2,1.502,0.021,,8.7,0,139,0,,,,,,,,,,,,,1.458,0.109,1.314,0.009,0.003,4.7,,0,,,,,,,,,,,,,,,,,,,1.5,,
措没达4,2004-05-04,1雀瞒 吝摸何,,17,12,0.9,3,,1.354,0.019,,8.4,,145,,,,,,,,,,,,,,1.272,0.072,1.141,0.009,0.003,7,,,,,,,,,,,,,,,,,,,,,,,
措没达4,2004-05-04,1雀瞒 窍摸何,,11,8,0.8,2.5,,1.512,0.016,,7.6,,159,,,,,,,,,,,,,,1.426,0.118,1.107,0.007,0.003,5,,,,,,,,,,,,,,,,,,,,,,,
措没达4,2004-06-01,1雀瞒 惑摸何,65.4,24,10.7,1.3,2.9,25.1,1.332,0.024,,8.6,0,158,1,0,0,0,0,0,0,,,,,,,1.291,0.026,1.238,0.008,0.003,6.3,,0,,,,,,0,,,,,,,,,,,,,1.5,,
措没达4,2004-06-01,1雀瞒 吝摸何,,23,10,1.1,2.9,,1.371,0.022,,8.2,0,156,,,,,,,,,,,,,,1.267,0.031,1.219,0.008,0.004,4.3,,,,,,,,,,,,,,,,,,,,,,,
措没达4,2004-06-01,1雀瞒 窍摸何,,18,5.9,0.9,2.4,,1.477,0.019,,7.5,0,154,,,,,,,,,,,,,,1.398,0.029,1.334,0.008,0.003,2.3,,,,,,,,,,,,,,,,,,,,,,,
措没达4,2004-07-01,1雀瞒 惑摸何,70.6,26,12.6,1.2,3.2,35,2.739,0.044,,9.2,0,139,0,,,,,,,,,,,,,2.664,0.247,2.285,0.021,0.002,7.3,,0,,,,,,,0,0,,,,,0,0,,,,,1.1,,
措没达4,2004-07-01,1雀瞒 吝摸何,,21,7.5,0.8,3.2,,2.587,0.062,,7.8,0,112,,,,,,,,,,,,,,2.462,0.312,2.062,0.044,0.034,6.7,,,,,,,,,0,0,,,,,0,0,,,,,,,
措没达4,2004-07-01,1雀瞒 窍摸何,,19,6.5,0.8,3.8,,2.394,0.078,,7.3,0,94,,,,,,,,,,,,,,2.279,0.242,1.969,0.054,0.038,12,,,,,,,,,0,0,,,,,0,0,,,,,,,
措没达4,2004-08-03,1雀瞒 惑摸何,72,32,10.6,1.8,3.3,9.9,1.661,0.038,,9.2,0,141,1,,,,,,,,,,,,,1.55,0.049,1.433,0.014,0.002,3.7,,0,,,,,,,,,,,,,,,,,,,1,,
措没达4,2004-08-03,1雀瞒 吝摸何,,25,4.2,0.8,2.7,,1.92,0.016,,7.8,0,101,,,,,,,,,,,,,,1.862,0.058,1.728,0.01,0.002,0.3,,,,,,,,,,,,,,,,,,,,,,,
措没达4,2004-08-03,1雀瞒 窍摸何,,22,3.6,0.9,3.2,,1.37,0.046,,7.4,0,95,,,,,,,,,,,,,,1.334,0.054,1.201,0.036,0.019,4.7,,,,,,,,,,,,,,,,,,,,,,,
措没达4,2004-09-02,1雀瞒 惑摸何,71.4,26,10.1,1.6,3,19.4,1.349,0.037,,8.8,0,99,3,0,0,0,0,0,0,,,,,,,1.291,0.06,1.134,0.019,0.004,1,,0,,,,,,0,,,,,,,,,,,,,1.5,,
措没达4,2004-09-02,1雀瞒 吝摸何,,25,8.8,0.8,2.7,,1.284,0.019,,8.3,0,99,,0,0,0,0,0,0,,,,,,,1.238,0.024,1.176,0.005,0.001,0.7,,,,,,,,0,,,,,,,,,,,,,,,
措没达4,2004-09-02,1雀瞒 窍摸何,,24,7.1,0.6,3,,1.622,0.021,,7.9,0,101,,0,0,0,0,0,0,,,,,,,1.442,0.03,1.157,0.009,0.002,2.3,,,,,,,,0,,,,,,,,,,,,,,,
措没达4,2004-10-04,1雀瞒 惑摸何,71.9,22,11.2,1.5,3.4,19.4,1.118,0.028,,9.4,0,113,0,,,,,,,,,,,,,1.074,0.023,1.013,0.007,0.001,5.3,,0,,,,,,,,,,,,,,,,,,,1.9,,
措没达4,2004-10-04,1雀瞒 吝摸何,,22,10.4,1.4,3.6,,0.977,0.018,,9.2,0,112,,,,,,,,,,,,,,0.95,0.021,0.883,0.007,0.001,2.7,,,,,,,,,,,,,,,,,,,,,,,
措没达4,2004-10-04,1雀瞒 窍摸何,,21,9.6,1.3,3.1,,1.142,0.023,,8.8,0,116,,,,,,,,,,,,,,1.087,0.026,0.97,0.007,0.001,4.3,,,,,,,,,,,,,,,,,,,,,,,
措没达4,2004-11-02,1雀瞒 惑摸何,70.9,18,10.4,1.2,3.1,9.7,1.152,0.016,,8.8,0,121,9,,,,,,,,,,,,,1.109,0.022,1.02,0.007,0.002,3,,0,,,,,,,,,,,,,,,,,,,2.3,,
措没达4,2004-11-02,1雀瞒 吝摸何,,17,10.1,0.5,3.1,,1.219,0.015,,8.8,0,126,,,,,,,,,,,,,,1.002,0.027,0.965,0.008,0.002,1.7,,,,,,,,,,,,,,,,,,,,,,,
措没达4,2004-11-02,1雀瞒 窍摸何,,16,10.1,0.6,2.9,,1.258,0.014,,8.6,0,143,,,,,,,,,,,,,,1.162,0.037,1.104,0.006,0.002,2.7,,,,,,,,,,,,,,,,,,,,,,,
措没达4,2004-12-01,1雀瞒 惑摸何,69.7,11,10.2,1.3,2.4,4.5,1.186,0.016,,7.7,0,129,4,0,0,0,0,0,0,,,,,,,1.119,0.035,1.061,0.007,0.002,0.7,,0,,,,,,0,,,,,,,,,,,,,5.6,,
措没达4,2004-12-01,1雀瞒 吝摸何,,11,10.4,1.4,2.4,,1.133,0.011,,7.7,0,131,,0,0,0,0,0,0,,,,,,,1.113,0.032,1.03,0.005,0.002,0.3,,,,,,,,0,,,,,,,,,,,,,,,
措没达4,2004-12-01,1雀瞒 窍摸何,,10,10.7,1.5,2.3,,1.31,0.011,,7.7,0,144,,0,0,0,0,0,0,,,,,,,1.258,0.037,1.145,0.004,0.002,1.3,,,,,,,,0,,,,,,,,,,,,,,,
措没达4,2005-01-03,1雀瞒 惑摸何,68.5,3,13.5,1.2,2.9,2.2,1.766,0.007,,7.9,0,293,0,,,,,,,,,,,,,1.723,0.039,1.601,0.004,0.002,1.7,,0,,,,,,,,,,,,,,,,,,,2.5,,
措没达4,2005-01-03,1雀瞒 吝摸何,,3,13.3,1.1,2.8,,1.699,0.013,,7.9,0,293,,,,,,,,,,,,,,1.642,0.032,1.542,0.003,0.002,2,,,,,,,,,,,,,,,,,,,,,,,
措没达4,2005-01-03,1雀瞒 窍摸何,,3,13.2,1.1,2.8,,1.734,0.007,,7.9,0,292,,,,,,,,,,,,,,1.563,0.042,1.484,0.004,0.002,1.3,,,,,,,,,,,,,,,,,,,,,,,
措没达4,2005-03-10,1雀瞒 惑摸何,9,4,13.8,1.1,2.2,4.9,1.508,0.012,,8.1,0,226,0,0,0,0,0,0,0,,,,,,,1.296,0.072,1.242,0.006,0.002,2,,0,,,,,,0,,,,,,,,,,,,,3.8,,
措没达4,2005-03-10,1雀瞒 吝摸何,,4,13.7,1,2.2,,1.488,0.015,,8.1,0,226,0,0,0,0,0,0,0,,,,,,,1.315,0.063,1.293,0.008,0.002,1.7,,0,,,,,,0,,,,,,,,,,,,,,,
措没达4,2005-03-10,1雀瞒 窍摸何,,4,13.7,0.9,2.1,,1.463,0.016,,8.1,0,226,0,0,0,0,0,0,0,,,,,,,1.022,0.05,0.994,0.007,0.002,1.3,,0,,,,,,0,,,,,,,,,,,,,,,
措没达4,2005-04-06,1雀瞒 惑摸何,66.8,13,12.7,1.1,3.1,10.8,1.812,0.037,,8.7,0,228,1,,,,,,,,,,,,,1.776,0.054,1.69,0.024,0.001,4.7,,0,,,,,,,,,,,,,,,,,,,1,,
措没达4,2005-04-06,1雀瞒 吝摸何,,12,12.7,1,3.3,,1.81,0.028,,8.5,0,228,0,,,,,,,,,,,,,1.78,0.029,1.622,0.017,0.001,4.7,,0,,,,,,,,,,,,,,,,,,,,,
措没达4,2005-04-06,1雀瞒 窍摸何,,11,12.4,0.8,3.2,,1.949,0.03,,8.3,0,227,0,,,,,,,,,,,,,1.853,0.025,1.74,0.017,0.001,8,,0,,,,,,,,,,,,,,,,,,,,,
措没达4,2005-05-02,1雀瞒 惑摸何,66.7,22,12.9,1,3.2,12.3,1.099,0.026,,9.4,0,144,2,,,,,,,,,,,,,1.09,0.031,1.066,0.012,0.001,4.3,,0,,,,,,,,,,,,,,,,,,,2.2,,
措没达4,2005-05-02,1雀瞒 吝摸何,,19,13,0.8,3.1,,1.157,0.029,,8.8,0,145,2,,,,,,,,,,,,,1.109,0.07,1.076,0.012,0.001,6,,0,,,,,,,,,,,,,,,,,,,,,
措没达4,2005-05-02,1雀瞒 窍摸何,,14,13.1,0.6,2.8,,1.31,0.02,,7.6,0,151,2,,,,,,,,,,,,,1.253,0.078,1.187,0.008,0.001,4,,0,,,,,,,,,,,,,,,,,,,,,
措没达4,2005-06-02,1雀瞒 惑摸何,65.1,24,10.5,1.9,3.2,18.2,1.166,0.026,,9.2,0,212,2,0,0,0,0,0,0,,,,,,,1.037,0.05,0.932,0.009,0.001,11.3,,0,,,,,,0,,,,,,,,,,,,,1.2,,
措没达4,2005-06-02,1雀瞒 吝摸何,,22,7,1.4,2.5,,1.238,0.029,,8.4,0,211,,0,0,0,0,0,0,,,,,,,1.09,0.121,0.956,0.007,0.001,6,,,,,,,,0,,,,,,,,,,,,,,,
措没达4,2005-06-02,1雀瞒 窍摸何,,18,2.5,1.1,2.6,,1.109,0.016,,7.4,0,212,,0,0,0,0,0,0,,,,,,,1.09,0.128,0.876,0.005,0.001,2.3,,,,,,,,0,,,,,,,,,,,,,,,
措没达4,2005-07-05,1雀瞒 惑摸何,68.1,22,8.5,2,3.6,2,2.808,0.082,,7.6,0,144,17,,,,,,,,,,,,,2.275,0.092,2.274,0.047,0.031,21.7,,0,,,,,,,0,0,,,,,0,0,,,,,0.4,,
措没达4,2005-07-05,1雀瞒 吝摸何,,22,8.3,2.2,3.3,,2.962,0.09,,7.5,0,144,,,,,,,,,,,,,,2.928,0.091,2.255,0.05,0.034,23.7,,,,,,,,,0,0,,,,,0,0,,,,,,,
措没达4,2005-07-05,1雀瞒 窍摸何,,21,8.3,2.2,3.1,,2.448,0.087,,7.5,0,144,,,,,,,,,,,,,,2.334,0.092,2.314,0.049,0.037,23,,,,,,,,,0,0,,,,,0,0,,,,,,,
措没达4,2005-08-03,1雀瞒 惑摸何,68.1,27,7.2,0.8,4,8.3,1.606,0.069,,8,0,174,26,,,,,,,,,,,,,1.531,0.073,1.363,0.042,0.028,26.7,,1,,,,,,,,,,,,,,,,,,,0.4,,
措没达4,2005-08-03,1雀瞒 吝摸何,,27,7.1,0.9,3.8,,2.021,0.061,,7.9,0,174,,,,,,,,,,,,,,1.599,0.069,1.517,0.042,0.028,28.7,,,,,,,,,,,,,,,,,,,,,,,
措没达4,2005-08-03,1雀瞒 窍摸何,,27,7.2,1.1,3.6,,1.602,0.053,,7.9,0,173,,,,,,,,,,,,,,1.574,0.059,1.397,0.042,0.027,51,,,,,,,,,,,,,,,,,,,,,,,
措没达4,2005-09-05,1雀瞒 惑摸何,73,25,9.9,2.4,5.4,23.2,1.397,0.058,,9.2,0,129,11,0,0,0,0,0,0,,,,,,,1.099,0.031,0.998,0.014,0.002,15,,0,,,,,,0,,,,,,,,,,,,,0.7,,
措没达4,2005-09-05,1雀瞒 吝摸何,,23,8.4,1,3.4,,1.43,0.069,,8.5,0,114,,0,0,0,0,0,0,,,,,,,1.146,0.034,1.118,0.018,0.003,5.3,,,,,,,,0,,,,,,,,,,,,,,,
措没达4,2005-09-05,1雀瞒 窍摸何,,23,8.4,1.1,2.6,,1.325,0.062,,8.1,0,113,,0,0,0,0,0,0,,,,,,,1.253,0.033,1.102,0.017,0.003,3.3,,,,,,,,0,,,,,,,,,,,,,,,
措没达4,2005-10-05,1雀瞒 惑摸何,72.2,22,7.9,0.9,3.9,9.6,1.579,0.027,,8.1,0,183,3,,,,,,,,,,,,,1.555,0.032,1.103,0.009,0.002,3.3,,0,,,,,,,,,,,,,,,,,,,2.8,,
措没达4,2005-10-05,1雀瞒 吝摸何,,22,7.7,0.9,3.1,,1.622,0.019,,8.1,0,184,,,,,,,,,,,,,,1.512,0.035,1.039,0.009,0.002,3,,,,,,,,,,,,,,,,,,,,,,,
措没达4,2005-10-05,1雀瞒 窍摸何,,21,7.9,0.9,2.6,,1.622,0.03,,8.1,0,200,,,,,,,,,,,,,,1.546,0.07,1.154,0.014,0.007,5,,,,,,,,,,,,,,,,,,,,,,,
措没达4,2005-11-01,1雀瞒 惑摸何,71.8,17,11.3,0.9,3.4,16,1.454,0.025,,8.7,0,180,9,,,,,,,,,,,,,1.315,0.016,1.079,0.008,0.001,2,,0,,,,,,,,,,,,,,,,,,,2.2,,
措没达4,2005-11-01,1雀瞒 吝摸何,,17,11.1,0.7,2.9,,1.382,0.024,,8.7,0,181,,,,,,,,,,,,,,1.234,0.011,0.946,0.007,0.001,1,,,,,,,,,,,,,,,,,,,,,,,
措没达4,2005-11-01,1雀瞒 窍摸何,,17,11,0.7,2.5,,1.435,0.023,,8,0,184,,,,,,,,,,,,,,1.286,0.021,0.991,0.006,0.004,6,,,,,,,,,,,,,,,,,,,,,,,
措没达4,2005-12-01,1雀瞒 惑摸何,70.8,11,12.7,0.7,3.2,4,1.306,0.016,,8.5,0,180,3,0,0,0,0,0,0,,,,,,,1.296,0.05,1.014,0.008,0.001,0.3,,0,,,,,,0,,,,,,,,,,,,,3.3,,
措没达4,2005-12-01,1雀瞒 吝摸何,,10,12.6,0.6,2.7,,1.373,0.01,,8.3,0,184,,0,0,0,0,0,0,,,,,,,1.349,0.051,1.195,0.008,0.001,1,,,,,,,,0,,,,,,,,,,,,,,,
措没达4,2005-12-01,1雀瞒 窍摸何,,8,13.1,0.6,2.5,,1.498,0.009,,8.3,0,191,,0,0,0,0,0,0,,,,,,,1.368,0.041,1.071,0.006,0.001,1.7,,,,,,,,0,,,,,,,,,,,,,,,
措没达4,2006-02-01,1雀瞒,,,,,,,,,,,,,,,,,,,,,,,,,,,,,,,,,,,,,,,,,,,,,,,,,,,,,,
措没达4,2006-03-06,1雀瞒 惑摸何,68.2,6,13.4,1.1,3,4.9,2.208,0.012,,8,0,314,1,0,0,0,0,0,0,,,,,,,2.208,0.023,1.923,0.01,0.001,1,,0,,,,,,0,,,,,,,,,,,,,2.2,,
措没达4,2006-03-06,1雀瞒 吝摸何,,5,13.4,1.1,2.6,,2.352,0.011,,8,0,315,,0,0,0,0,0,0,,,,,,,2.309,0.016,1.991,0.007,0.001,2.3,,,,,,,,0,,,,,,,,,,,,,,,
措没达4,2006-03-06,1雀瞒 窍摸何,,5,13.3,1.2,2.6,,2.198,0.012,,7.9,0,314,,0,0,0,0,0,0,,,,,,,1.973,0.019,1.703,0.007,0.001,2.3,,,,,,,,0,,,,,,,,,,,,,,,
措没达4,2006-04-07,1雀瞒 惑摸何,67.5,12,11.7,1.1,2.9,4.7,1.522,0.018,,7.9,0,296,2,,,,,,,,,,,,,1.435,0.038,1.243,0.006,0.001,3.7,,0,,,,,,,,,,,,,,,,,,,1.3,,
措没达4,2006-04-07,1雀瞒 吝摸何,,10,10.8,1,3,,1.622,0.017,,7.8,0,295,,,,,,,,,,,,,,1.464,0.052,1.3,0.005,0.001,2,,,,,,,,,,,,,,,,,,,,,,,
措没达4,2006-04-07,1雀瞒 窍摸何,,10,10.2,0.8,2.9,,1.747,0.012,,7.7,0,297,,,,,,,,,,,,,,1.627,0.053,1.342,0.004,0.001,3.3,,,,,,,,,,,,,,,,,,,,,,,
措没达4,2006-05-02,1雀瞒 惑摸何,68.2,17,13.5,1.5,4,19.3,2.28,0.027,,8.8,0,293,1,,,,,,,,,,,,,2.174,0.045,1.904,0.009,0.001,5.7,,0,,,,,,,,,,,,,,,,,,,0.7,,
措没达4,2006-05-02,1雀瞒 吝摸何,,13,10.6,0.9,3.3,,2.53,0.033,,8.8,0,279,,,,,,,,,,,,,,2.39,0.104,2.248,0.012,0.002,11.3,,,,,,,,,,,,,,,,,,,,,,,
措没达4,2006-05-02,1雀瞒 窍摸何,,12,9.3,0.8,3,,2.774,0.043,,8.6,0,281,,,,,,,,,,,,,,2.674,0.111,2.558,0.014,0.005,11,,,,,,,,,,,,,,,,,,,,,,,
措没达4,2006-06-01,1雀瞒 惑摸何,67.6,24,11.8,2.1,3.5,20.3,2.285,0.041,,9.8,0,301,3,0,0,0,0,0,0,,,,,,,2.15,0.036,1.508,0.015,0.002,5.3,,0,,,,,,0,,,,,,,,,,,,,1.5,,
措没达4,2006-06-01,1雀瞒 吝摸何,,21,8.7,0.9,3.4,,2.688,0.038,,9,0,308,,0,0,0,0,0,0,,,,,,,2.462,0.066,1.62,0.019,0.004,7.7,,,,,,,,0,,,,,,,,,,,,,,,
措没达4,2006-06-01,1雀瞒 窍摸何,,18,6.1,0.9,3,,2.774,0.027,,8.4,0,291,,0,0,0,0,0,0,,,,,,,2.477,0.074,2.114,0.017,0.002,5.7,,,,,,,,0,,,,,,,,,,,,,,,
措没达4,2006-07-05,1雀瞒 惑摸何,64.1,26,7.9,1.3,3.9,15.5,1.95,0.03,,7.4,0,159,0,,,,,,,,,,,,,1.488,0.019,1.26,0.013,0.003,3,,0,,,,,,,0,0,,,,,0,0,,,,,1,,
措没达4,2006-07-05,1雀瞒 吝摸何,,25,7.8,1.1,3.3,,1.948,0.032,,7.3,0,158,,,,,,,,,,,,,,1.507,0.026,1.295,0.019,0.005,6,,,,,,,,,0,0,,,,,0,0,,,,,,,
措没达4,2006-07-05,1雀瞒 窍摸何,,25,7.3,1,3,,1.97,0.027,,7.3,0,159,,,,,,,,,,,,,,1.488,0.045,1.245,0.017,0.009,9,,,,,,,,,0,0,,,,,0,0,,,,,,,
措没达4,2006-08-01,1雀瞒 惑摸何,73.1,25,9.6,0.8,3.5,5.7,1.699,0.066,,7.7,0,132,10,,,,,,,,,,,,,1.541,0.011,1.41,0.046,0.03,2.3,,0,,,,,,,,,,,,,,,,,,,0.7,,
措没达4,2006-08-01,1雀瞒 吝摸何,,23,8.2,0.6,3,,1.632,0.09,,7.3,0,132,,,,,,,,,,,,,,1.45,0.03,1.353,0.057,0.042,4.3,,,,,,,,,,,,,,,,,,,,,,,
措没达4,2006-08-01,1雀瞒 窍摸何,,21,7.9,0.4,2.9,,1.699,0.082,,7,0,134,,,,,,,,,,,,,,1.526,0.052,1.414,0.054,0.036,3.3,,,,,,,,,,,,,,,,,,,,,,,
措没达4,2006-09-04,1雀瞒 惑摸何,70.4,27,9,1,3.8,12.1,1.286,0.037,,8.6,0,139,9,0,0,0,0,0,0,,,,,,,1.248,0.016,1.187,0.023,0.006,2.7,,0,,,,,,0,,,,,,,,,,,,,1.6,,
措没达4,2006-09-04,1雀瞒 吝摸何,,27,6.8,0.5,2.7,,1.363,0.039,,7.9,0,139,,0,0,0,0,0,0,,,,,,,1.238,0.046,1.124,0.024,0.012,2.3,,,,,,,,0,,,,,,,,,,,,,,,
措没达4,2006-09-04,1雀瞒 窍摸何,,24,3.1,0.4,2.1,,1.762,0.043,,7.4,0,137,,0,0,0,0,0,0,,,,,,,1.598,0.016,1.335,0.031,0.019,2.7,,,,,,,,0,,,,,,,,,,,,,,,
措没达4,2006-10-09,1雀瞒 惑摸何,68.8,23,10.9,0.9,3.7,23.3,1.114,0.019,,9.5,0,172,0,,,,,,,,,,,,,1.061,0.016,0.883,0.01,0.002,3.7,,0,,,,,,,,,,,,,,,,,,,2.7,,
措没达4,2006-10-09,1雀瞒 吝摸何,,22,10.9,0.7,3.3,,1.205,0.022,,9.3,0,177,,,,,,,,,,,,,,1.123,0.015,0.846,0.008,0.002,3,,,,,,,,,,,,,,,,,,,,,,,
措没达4,2006-10-09,1雀瞒 窍摸何,,22,8.5,0.7,3.8,,1.162,0.015,,8.6,0,181,,,,,,,,,,,,,,1.152,0.025,0.892,0.009,0.002,5,,,,,,,,,,,,,,,,,,,,,,,
措没达4,2006-11-01,1雀瞒 惑摸何,68.6,18,10.9,0.7,3.9,22.5,1.19,0.015,,9.1,0,172,0,,,,,,,,,,,,,0.926,0.016,0.795,0.009,0.001,4.3,,0,,,,,,,,,,,,,,,,,,,2,,
措没达4,2006-11-01,1雀瞒 吝摸何,,18,10.9,0.5,3,,1.042,0.012,,9,0,172,,,,,,,,,,,,,,1.013,0.01,0.815,0.007,0.001,5.7,,,,,,,,,,,,,,,,,,,,,,,
措没达4,2006-11-01,1雀瞒 窍摸何,,17,8.6,0.5,2.9,,1.243,0.013,,8.6,0,174,,,,,,,,,,,,,,1.181,0.016,0.926,0.006,0.001,5.7,,,,,,,,,,,,,,,,,,,,,,,
措没达4,2006-12-04,1雀瞒 惑摸何,67.9,8,10.8,0.7,3.3,7.1,1.471,0.015,,8.2,0,192,1,0,0,0,0,0,0,,,,,,,1.225,0.036,1.11,0.008,0.002,1.7,,0,,,,,,0,,,,,,,,,,,,,3.7,,
措没达4,2006-12-04,1雀瞒 吝摸何,,8,10.9,0.8,3,,1.435,0.013,,8.2,0,193,,0,0,0,0,0,0,,,,,,,1.286,0.034,1.105,0.007,0.002,1.3,,,,,,,,0,,,,,,,,,,,,,,,
措没达4,2006-12-04,1雀瞒 窍摸何,,8,10.8,0.6,2.8,,1.344,0.011,,8.2,0,193,,0,0,0,0,0,0,,,,,,,1.286,0.03,1.118,0.007,0.001,1.3,,,,,,,,0,,,,,,,,,,,,,,,
措没达4,2007-01-03,1雀瞒 惑摸何,67.4,3,13.3,0.7,2.8,1.9,1.907,0.018,,8.4,0,193,0,,,,,,,,,,,,,1.688,0.012,1.54,0.014,0.001,2.7,,0,,,,,,,,,,,,,,,,,,,3.5,,
措没达4,2007-01-03,1雀瞒 吝摸何,,3,13.4,0.6,2.7,,1.89,0.017,,8.4,0,193,,,,,,,,,,,,,,1.698,0.012,1.589,0.012,0.001,2.3,,,,,,,,,,,,,,,,,,,,,,,
措没达4,2007-01-03,1雀瞒 窍摸何,,3,13.3,0.7,2.6,,1.866,0.016,,8.3,0,193,,,,,,,,,,,,,,1.787,0.01,1.488,0.01,0.001,2.7,,,,,,,,,,,,,,,,,,,,,,,
措没达4,2007-03-06,1雀瞒,66.8,8,11.5,1.5,2.8,6.6,2.049,0.028,,7.9,0,194,0,0,0,0,0,0,0,,,,,,,1.927,0.033,1.685,0.008,0.001,1.7,,0,,,,,,0,0,0,,,,,,,,,,,1.4,,
措没达4,2007-03-06,1雀瞒 惑摸何,66.8,8,11.5,1.6,2.9,6.6,1.987,0.031,,7.9,0,194,0,0,0,0,0,0,0,,,,,,,1.98,0.036,1.646,0.007,0.002,1.3,,0,,,,,,0,0,0,0,0,0,0,,,,0,,,1.4,,
措没达4,2007-03-06,1雀瞒 吝摸何,,8,11.5,1.4,2.8,,2.053,0.027,,7.9,0,194,,0,0,0,0,0,0,,,,,,,1.909,0.031,1.753,0.007,0.001,2,,,,,,,,0,0,0,0,0,0,0,,,,0,,,,,
措没达4,2007-03-06,1雀瞒 窍摸何,,8,11.4,1.4,2.8,,2.107,0.026,,7.8,0,195,,0,0,0,0,0,0,,,,,,,1.893,0.033,1.657,0.01,0.001,1.7,,,,,,,,0,0,0,0,0,0,0,,,,0,,,,,
措没达4,2007-04-02,1雀瞒,67.7,12,9.8,1,2.9,7.6,2.22,0.029,,7.8,0,167,2,,,,,,,,,,,,,2.043,0.098,1.78,0.01,0.002,8,,0,,,,,,,,,,,,,,,,,,,1.3,,
措没达4,2007-04-02,1雀瞒 惑摸何,67.7,13,10,1.1,3,7.6,2.049,0.029,,7.8,0,167,2,,,,,,,,,,,,,1.891,0.1,1.643,0.012,0.002,7.3,,0,,,,,,,,,,,,,,,,,,,1.3,,
措没达4,2007-04-02,1雀瞒 吝摸何,,12,9.8,1,2.9,,2.44,0.028,,7.8,0,167,,,,,,,,,,,,,,2.168,0.109,1.807,0.01,0.002,8.7,,,,,,,,,,,,,,,,,,,,,,,
措没达4,2007-04-02,1雀瞒 窍摸何,,12,9.7,1,2.9,,2.171,0.029,,7.8,0,166,,,,,,,,,,,,,,2.07,0.086,1.89,0.007,0.001,8,,,,,,,,,,,,,,,,,,,,,,,
措没达4,2007-05-03,1雀瞒,67.9,16,9.3,1.1,2.8,9.4,1.503,0.025,,8.6,0,153,0,,,,,,,,,,,,,1.389,0.049,1.172,0.007,0.002,1,,0,,,,,,,,,,,,,,,,,,,1.9,,
措没达4,2007-05-03,1雀瞒 惑摸何,67.9,18,10.6,1.4,3.1,9.4,1.233,0.027,,8.8,0,154,0,,,,,,,,,,,,,1.139,0.016,0.947,0.008,0.002,0.7,,0,,,,,,,,,,,,,,,,,,,1.9,,
措没达4,2007-05-03,1雀瞒 吝摸何,,18,10.6,1.3,2.9,,1.381,0.029,,8.8,0,154,,,,,,,,,,,,,,1.29,0.015,1.09,0.008,0.002,1,,,,,,,,,,,,,,,,,,,,,,,
措没达4,2007-05-03,1雀瞒 窍摸何,,12,6.7,0.6,2.5,,1.895,0.019,,8.2,0,150,,,,,,,,,,,,,,1.739,0.116,1.478,0.005,0.002,1.3,,,,,,,,,,,,,,,,,,,,,,,
措没达4,2007-06-04,1雀瞒,66.6,21,7.2,1.3,3.1,27.4,1.766,0.026,,8.2,0,176,0,0,0,0,0,0,0,,,,,,,1.559,0.106,1.033,0.009,0.002,7.1,,0,,,,,,0,,,,,,,,,,,,,1.6,,
措没达4,2007-06-04,1雀瞒 惑摸何,66.6,25,11.7,1.8,3.4,27.4,1.824,0.028,,9,0,170,0,0,0,0,0,0,0,,,,,,,1.571,0.026,1.063,0.009,0.002,7,,0,,,,,,0,,,,,,,,,,,,,1.6,,
措没达4,2007-06-04,1雀瞒 吝摸何,,22,7.5,1.4,3,,1.734,0.025,,8,0,185,,0,0,0,0,0,0,,,,,,,1.515,0.081,1.077,0.012,0.002,7,,,,,,,,0,,,,,,,,,,,,,,,
措没达4,2007-06-04,1雀瞒 窍摸何,,16,2.5,0.8,2.8,,1.74,0.024,,7.6,0,173,,0,0,0,0,0,0,,,,,,,1.592,0.212,0.959,0.006,0.001,7.3,,,,,,,,0,,,,,,,,,,,,,,,
措没达4,2007-07-03,1雀瞒,67.2,21,8.3,2.6,4.3,3.6,2.193,0.076,,7.4,0,114,10,,,,,,,,,,,,,2.077,0.049,1.921,0.044,0.035,16.6,,0,,,,,,,,,,,,,0,0,,,,,0.6,,
措没达4,2007-07-03,1雀瞒 惑摸何,67.2,21,8.4,2.7,4,3.6,2.236,0.071,,7.4,0,114,10,,,,,,,,,,,,,2.123,0.052,1.95,0.042,0.034,16,,0,,,,,,,,,,,,,0,0,,,,,0.6,,
措没达4,2007-07-03,1雀瞒 吝摸何,,21,8.3,2.5,4.4,,2.095,0.076,,7.4,0,114,,,,,,,,,,,,,,2.049,0.048,1.935,0.047,0.037,16,,,,,,,,,,,,,,,0,0,,,,,,,
措没达4,2007-07-03,1雀瞒 窍摸何,,21,8.3,2.6,4.5,,2.247,0.081,,7.3,0,114,,,,,,,,,,,,,,2.059,0.047,1.878,0.042,0.033,17.7,,,,,,,,,,,,,,,0,0,,,,,,,
措没达4,2007-08-01,1雀瞒,67.7,27,9.1,1.8,3.4,18.7,1.845,0.036,,8.3,0,164,10,,,,,,,,,,,,,1.703,0.034,1.345,0.01,0.002,4.2,,0,,,,,,,,,,,,,,,,,,,2.2,,
措没达4,2007-08-01,1雀瞒 惑摸何,67.7,30,12.6,2,3.8,18.7,1.722,0.039,,9.1,0,160,10,,,,,,,,,,,,,1.442,0.024,1.087,0.012,0.001,2,,0,,,,,,,,,,,,,,,,,,,2.2,,
措没达4,2007-08-01,1雀瞒 吝摸何,,27,9.1,1.7,3.1,,1.802,0.028,,8.1,0,164,,,,,,,,,,,,,,1.693,0.034,1.383,0.008,0.001,2.3,,,,,,,,,,,,,,,,,,,,,,,
措没达4,2007-08-01,1雀瞒 窍摸何,,24,5.6,1.8,3.2,,2.01,0.04,,7.7,0,167,,,,,,,,,,,,,,1.974,0.044,1.564,0.011,0.005,8.3,,,,,,,,,,,,,,,,,,,,,,,
措没达4,2007-09-06,1雀瞒,76.3,21,8.5,1.2,2.7,1.8,2.259,0.058,,7.3,0,136,13,0,0,0,0,0,0,,,,,,,2.162,0.028,2.039,0.039,0.033,7.1,,0,,,,,,0,0,0,,0,0,0,,,,0,,,1.1,,
措没达4,2007-09-06,1雀瞒 惑摸何,76.3,21,8.6,1.2,2.7,1.8,2.252,0.052,,7.4,0,136,13,0,0,0,0,0,0,,,,,,,2.231,0.022,2.045,0.033,0.027,8.3,,0,,,,,,0,0,0,,0,0,0,,,,0,,,1.1,,
措没达4,2007-09-06,1雀瞒 吝摸何,,21,8.5,1.2,2.8,,2.277,0.06,,7.3,0,135,,0,0,0,0,0,0,,,,,,,2.146,0.029,2.057,0.041,0.035,5.7,,,,,,,,0,0,0,,0,0,0,,,,0,,,,,
措没达4,2007-09-06,1雀瞒 窍摸何,,21,8.5,1,2.6,,2.23,0.062,,7.2,0,136,,0,0,0,0,0,0,,,,,,,2.117,0.034,1.992,0.041,0.036,8.7,,,,,,,,0,0,0,,0,0,0,,,,0,,,,,
措没达4,2007-10-02,1雀瞒,75.6,22,8.1,1.3,2.9,16.7,2.125,0.033,,8,0,161,3,,,,,,,,,,,,,1.792,0.04,1.524,0.018,0.012,4,,0,,,,,,,,,,,,,,,,,,,2.6,,
措没达4,2007-10-02,1雀瞒 惑摸何,75.6,23,9.4,1.6,3.4,16.7,2.551,0.03,,8.2,0,172,3,,,,,,,,,,,,,1.752,0.056,1.574,0.013,0.006,5,,0,,,,,,,,,,,,,,,,,,,2.6,,
措没达4,2007-10-02,1雀瞒 吝摸何,,22,8.3,1.1,2.6,,1.921,0.03,,8,0,163,,,,,,,,,,,,,,1.779,0.046,1.544,0.015,0.012,3.3,,,,,,,,,,,,,,,,,,,,,,,
措没达4,2007-10-02,1雀瞒 窍摸何,,21,6,1.4,3,,2.075,0.043,,7.7,0,142,,,,,,,,,,,,,,1.866,0.01,1.425,0.031,0.019,4.3,,,,,,,,,,,,,,,,,,,,,,,
措没达4,2007-11-07,1雀瞒 惑摸何,74.2,17,8.7,1.4,2.8,9.9,1.877,0.021,,7.7,0,171,2,,,,,,,,,,,,,1.599,0.016,1.351,0.007,0.002,3,,0,,,,,,,,,,,,,,,,,,,3.1,,
措没达4,2007-11-07,1雀瞒 吝摸何,,17,8.2,1.3,2.8,,1.749,0.015,,7.6,0,172,,,,,,,,,,,,,,1.709,0.02,1.398,0.006,0.001,3,,,,,,,,,,,,,,,,,,,,,,,
措没达4,2007-11-07,1雀瞒 窍摸何,,16,8.3,1.3,2.9,,1.766,0.019,,7.5,0,184,,,,,,,,,,,,,,1.641,0.043,1.397,0.008,0.002,3.7,,,,,,,,,,,,,,,,,,,,,,,
措没达4,2007-12-03,1雀瞒 惑摸何,73.2,11,10.1,1.2,2.7,8.6,1.552,0.017,,7.8,0,127,5,0,0,0,0,0,0,,,,,,,1.34,0.02,1.169,0.007,0,5.3,,0,,,,,,0,,,,,,,,,,,,,3.1,,
措没达4,2007-12-03,1雀瞒 吝摸何,,11,10,1.2,2.7,,1.462,0.015,,7.8,0,128,,0,0,0,0,0,0,,,,,,,1.447,0.017,1.165,0.006,0.001,4,,,,,,,,0,,,,,,,,,,,,,,,
措没达4,2007-12-03,1雀瞒 窍摸何,,8,10.6,1.2,2.7,,1.691,0.011,,7.7,0,152,,0,0,0,0,0,0,,,,,,,1.59,0.035,1.361,0.005,0.001,3,,,,,,,,0,,,,,,,,,,,,,,,
措没达4,2008-01-07,1雀瞒 惑摸何,72.4,5,10,1.2,3,9.3,1.792,0.036,,7.7,0,133,0,,,,,,,,,,,,,1.446,0.073,1.269,0.007,0.001,4.3,,0,,,,,,,,,,,,,,,,,,,3.4,,
措没达4,2008-01-07,1雀瞒 吝摸何,,4,10,1.1,2.6,,1.671,0.014,,7.6,0,139,,,,,,,,,,,,,,1.374,0.047,1.217,0.003,0.001,4.3,,,,,,,,,,,,,,,,,,,,,,,
措没达4,2008-01-07,1雀瞒 窍摸何,,4,9.5,1,2.4,,1.76,0.01,,7.5,0,146,,,,,,,,,,,,,,1.566,0.034,1.366,0.004,0.001,4.3,,,,,,,,,,,,,,,,,,,,,,,
措没达4,2008-03-07,1雀瞒 惑摸何,71.8,5,13.7,1.2,2.8,2.7,1.97,0.017,,7.6,0,136,0,0,0,0,0,0,0,,,,,,,1.954,0.015,1.628,0.003,0.001,0.7,,0,,,,,,0,0,0,0,0,0,0,,,,0,,,4.1,,
措没达4,2008-03-07,1雀瞒 吝摸何,,4,13.7,1.3,2.7,,1.916,0.016,,7.5,0,138,,0,0,0,0,0,0,,,,,,,1.89,0.013,1.542,0.003,0.001,0.7,,,,,,,,0,0,0,0,0,0,0,,,,0,,,,,
措没达4,2008-03-07,1雀瞒 窍摸何,,4,13.7,1.2,2.7,,1.89,0.018,,7.4,0,138,,0,0,0,0,0,0,,,,,,,1.784,0.015,1.517,0.003,0.001,0.7,,,,,,,,0,0,0,0,0,0,0,,,,0,,,,,
措没达4,2008-04-02,1雀瞒 惑摸何,69.8,11,12.4,1.6,3.3,15.7,1.725,0.022,,8.2,0,140,0,,,,,,,,,,,,,1.416,0.022,1.226,0.008,0.001,4.7,,0,,,,,,,,,,,,,,,,,,,1.8,,
措没达4,2008-04-02,1雀瞒 吝摸何,,11,12.4,1.4,2.9,,1.744,0.021,,8,0,138,,,,,,,,,,,,,,1.698,0.024,1.344,0.006,0.001,4.3,,,,,,,,,,,,,,,,,,,,,,,
措没达4,2008-04-02,1雀瞒 窍摸何,,9,11.7,1.3,2.6,,1.727,0.014,,7.8,0,137,,,,,,,,,,,,,,1.647,0.035,1.382,0.003,0.001,3,,,,,,,,,,,,,,,,,,,,,,,
措没达4,2008-05-06,1雀瞒 惑摸何,67.6,20,11.4,2,3.8,15.7,1.249,0.033,,8.5,0,144,0,,,,,,,,,,,,,1.178,0.019,1.045,0.011,0.001,5,,0,,,,,,,,,,,,,,,,,,,2.1,,
措没达4,2008-05-06,1雀瞒 吝摸何,,19,11.5,1.8,3.3,,1.232,0.026,,8.3,0,144,,,,,,,,,,,,,,1.179,0.026,1.049,0.009,0.001,4.7,,,,,,,,,,,,,,,,,,,,,,,
措没达4,2008-05-06,1雀瞒 窍摸何,,15,10.6,1.3,2.9,,1.352,0.017,,7.9,0,148,,,,,,,,,,,,,,1.308,0.107,1.103,0.003,0.001,4.7,,,,,,,,,,,,,,,,,,,,,,,
措没达4,2008-06-02,1雀瞒 惑摸何,65.7,23,10.4,1.3,3.2,15,1.755,0.035,,7.6,0,155,700,0,0,0,0,0,0,,,,,,,1.206,0.037,0.833,0.01,0.002,7.3,,100,,,,,,0,,,,,,,,,,,,,1.5,,
措没达4,2008-06-02,1雀瞒 吝摸何,,21,9.8,1.2,3,,1.369,0.027,,7.3,0,143,,0,0,0,0,0,0,,,,,,,1.043,0.142,0.619,0.006,0.002,6,,,,,,,,0,,,,,,,,,,,,,,,
措没达4,2008-06-02,1雀瞒 窍摸何,,18,5.2,1.3,3.1,,1.212,0.024,,7.3,0,143,,0,0,0,0,0,0,,,,,,,0.925,0.181,0.546,0.006,0.001,6.7,,,,,,,,0,,,,,,,,,,,,,,,
措没达4,2008-07-02,1雀瞒 惑摸何,65,23,8.5,1.5,3,7.7,2.407,0.044,,7.4,0,129,200,,,,,,,,,,,,,2.081,0.019,1.82,0.024,0.001,1.7,,100,,,,,,,,,,,,,0,0,,,,,1.3,,
措没达4,2008-07-02,1雀瞒 吝摸何,,23,8.4,1.6,3.5,,2.19,0.047,,7.3,0,130,,,,,,,,,,,,,,2.181,0.023,1.646,0.026,0.001,3.7,,,,,,,,,,,,,,,0,0,,,,,,,
措没达4,2008-07-02,1雀瞒 窍摸何,,23,8.2,1.7,3.6,,2.347,0.046,,7.3,0,130,,,,,,,,,,,,,,2.312,0.028,1.76,0.026,0.002,1.7,,,,,,,,,,,,,,,0,0,,,,,,,
措没达4,2008-08-04,1雀瞒 惑摸何,67.6,30,10.5,2,3.7,23.3,2.588,0.036,,8.7,0,157,500,,,,,,,,,,,,,1.816,0.026,1.463,0.012,0.001,4,,0,,,,,,,,,,,,,,,,,,,1.9,,
措没达4,2008-08-04,1雀瞒 吝摸何,,29,9.8,1.6,3.3,,2.451,0.035,,8.1,0,151,,,,,,,,,,,,,,2.369,0.037,1.71,0.022,0.001,2,,,,,,,,,,,,,,,,,,,,,,,
措没达4,2008-08-04,1雀瞒 窍摸何,,25,4.9,1.5,4.2,,2.472,0.047,,7.4,0,139,,,,,,,,,,,,,,2.451,0.034,1.753,0.037,0.002,4.7,,,,,,,,,,,,,,,,,,,,,,,
措没达4,2008-09-01,1雀瞒 惑摸何,71.3,26,11.3,1.7,4.1,34.4,1.558,0.05,,9.3,0,132,700,0,0,0,0,0,0,,,,,,,1.556,0.059,1.232,0.012,0.002,4.7,,0,,,,,,0,0,0,0,0,0,0,,,,0,,,1.8,,
措没达4,2008-09-01,1雀瞒 吝摸何,,25,7.4,1.1,3.1,,1.831,0.037,,7.9,0,131,0,0,0,0,0,0,0,,,,,,,1.699,0.09,1.326,0.01,0.001,2,,,,,,,,0,0,0,0,0,0,0,,,,0,,,,,
措没达4,2008-09-01,1雀瞒 窍摸何,,24,5.9,0.9,2.9,,2.202,0.041,,7.5,0,141,0,0,0,0,0,0,0,,,,,,,2.048,0.12,1.542,0.021,0.002,0.7,,,,,,,,0,0,0,0,0,0,0,,,,0,,,,,
措没达4,2008-10-06,1雀瞒 惑摸何,70.4,23,8.9,1.6,3.9,10.5,1.39,0.025,,8.2,0,156,400,,,,,,,,,,,,,0.88,0.026,0.635,0.008,0.001,5.7,,0,,,,,,,,,,,,,,,,,,,2,,
措没达4,2008-10-06,1雀瞒 吝摸何,,23,8.1,1.2,3.3,,0.992,0.019,,8,0,158,0,,,,,,,,,,,,,0.752,0.025,0.607,0.008,0.001,5,,0,,,,,,,,,,,,,,,,,,,,,
措没达4,2008-10-06,1雀瞒 窍摸何,,22,8.3,1.1,3,,1.055,0.02,,8,0,171,0,,,,,,,,,,,,,0.682,0.029,0.527,0.006,0.002,6.3,,0,,,,,,,,,,,,,,,,,,,,,
措没达4,2008-11-03,1雀瞒 惑摸何,69.4,17,9.4,0.9,3.3,10.6,0.656,0.02,,8,0,164,300,,,,,,,,,,,,,0.644,0.026,0.435,0.006,0.001,4,,0,,,,,,,,,,,,,,,,,,,2.2,,
措没达4,2008-11-03,1雀瞒 吝摸何,,17,9.3,0.8,3.1,,0.72,0.017,,7.9,0,164,0,,,,,,,,,,,,,0.582,0.023,0.416,0.005,0.001,3.7,,0,,,,,,,,,,,,,,,,,,,,,
措没达4,2008-11-03,1雀瞒 窍摸何,,17,9.2,0.8,3.2,,0.944,0.015,,7.9,0,165,0,,,,,,,,,,,,,0.937,0.027,0.065,0.005,0.001,4.3,,0,,,,,,,,,,,,,,,,,,,,,
措没达4,2008-12-01,1雀瞒 惑摸何,68.4,10,10.2,1.2,3.1,3.3,1.145,0.02,,7.8,0,179,300,0,0,0,0,0,0,,,,,,,0.976,0.031,0.632,0.007,0.003,1.3,,0,,,,,,0,,,,,,,,,,,,,5.8,,
措没达4,2008-12-01,1雀瞒 吝摸何,,10,10,0.9,2.7,,1.15,0.013,,7.8,0,181,0,0,0,0,0,0,0,,,,,,,1.028,0.032,0.754,0.006,0.002,1.7,,0,,,,,,0,,,,,,,,,,,,,,,
措没达4,2008-12-01,1雀瞒 窍摸何,,9,10.2,0.9,2.9,,1.206,0.016,,7.7,0,187,0,0,0,0,0,0,0,,,,,,,1.033,0.036,0.751,0.005,0.001,1.7,,0,,,,,,0,,,,,,,,,,,,,,,
措没达4,2009-03-02,1雀瞒 惑摸何,65.2,6,13.3,1.5,3.1,9.3,1.591,0.016,,7.7,0,196,0,0,0,0,0,0,0,,,,,,,1.498,0.024,0.945,0.006,0.001,2.7,,0,,,,,,0,0,0,0,0,0,0,,,,0,,,2.2,,
措没达4,2009-03-02,1雀瞒 吝摸何,,5,13.3,1,3,,1.731,0.013,,7.7,0,197,0,0,0,0,0,0,0,,,,,,,1.531,0.036,1.154,0.006,0.001,2.3,,0,,,,,,0,0,0,0,0,0,0,,,,0,,,,,
措没达4,2009-03-02,1雀瞒 窍摸何,,5,13.2,1,2.7,,1.716,0.013,,7.7,0,197,0,0,0,0,0,0,0,,,,,,,1.689,0.049,1.218,0.005,0.001,1.7,,0,,,,,,0,0,0,0,0,0,0,,,,0,,,,,
措没达4,2009-04-06,1雀瞒 惑摸何,64.6,12,12.4,1.9,3.5,11.2,1.538,0.025,,8.3,0,193,0,,,,,,,,,,,,,1.365,0.03,0.954,0.006,0.001,4.3,,0,,,,,,,,,,,,,,,,,,,1.8,,
措没达4,2009-04-06,1雀瞒 吝摸何,,11,12.1,1.7,2.9,,1.35,0.023,,8.3,0,194,0,,,,,,,,,,,,,1.332,0.03,1.082,0.005,0.001,4.3,,0,,,,,,,,,,,,,,,,,,,,,
措没达4,2009-04-06,1雀瞒 窍摸何,,10,10.1,1.5,2.8,,1.458,0.026,,7.9,0,194,0,,,,,,,,,,,,,1.313,0.045,1.021,0.005,0.001,5.3,,0,,,,,,,,,,,,,,,,,,,,,
措没达4,2009-05-06,1雀瞒 惑摸何,63.6,10,12.2,2.3,3.6,19.5,0.992,0.034,,8.9,0,165,200,,,,,,,,,,,,,0.662,0.033,0.447,0.01,0.001,3,,0,,,,,,,,,,,,,,,,,,,1.4,,
措没达4,2009-05-06,1雀瞒 吝摸何,,11,12,1.7,3.4,,1.047,0.035,,8.8,0,170,,,,,,,,,,,,,,0.839,0.05,0.494,0.011,0.001,4,,,,,,,,,,,,,,,,,,,,,,,
措没达4,2009-05-06,1雀瞒 窍摸何,,15,10.9,1.5,3.3,,1.197,0.032,,8.4,0,177,,,,,,,,,,,,,,0.943,0.169,0.536,0.01,0.001,4,,,,,,,,,,,,,,,,,,,,,,,
措没达4,2009-06-01,1雀瞒 惑摸何,63.9,24,12.5,2.5,3.8,22,2.522,0.041,,8.5,0,191,300,0,0,0,0,0,0,,,,,,,2.497,0.028,1.858,0.011,0.001,6.3,,0,,,,,,0,,,,,,,,,,,,,1.6,,
措没达4,2009-06-01,1雀瞒 吝摸何,,23,11.2,1.2,3.6,,2.492,0.033,,8.3,0,202,,0,0,0,0,0,0,,,,,,,2.343,0.019,2.035,0.007,0.001,7,,,,,,,,0,,,,,,,,,,,,,,,
措没达4,2009-06-01,1雀瞒 窍摸何,,11,7.1,1.2,3.4,,3.018,0.026,,8.1,0,221,,0,0,0,0,0,0,,,,,,,2.611,0.202,2.038,0.007,0.001,6.3,,,,,,,,0,,,,,,,,,,,,,,,
措没达4,2009-07-01,1雀瞒 惑摸何,62.9,28,7.1,1.1,3.4,9.3,1.474,0.055,,7.9,0,187,500,,,,,,,,,,,,,1.203,0.142,0.698,0.025,0.016,6.3,,100,,,,,,,,,,,,,0,0,,,,,1.2,,
措没达4,2009-07-01,1雀瞒 吝摸何,,28,6.6,0.8,3.3,,1.57,0.046,,7.8,0,189,0,,,,,,,,,,,,,1.366,0.132,0.716,0.021,0.013,7,,0,,,,,,,,,,,,,0,0,,,,,,,
措没达4,2009-07-01,1雀瞒 窍摸何,,25,2.7,1.1,3.2,,1.684,0.047,,7.6,0,189,0,,,,,,,,,,,,,1.504,0.294,0.688,0.024,0.014,3,,0,,,,,,,,,,,,,0,0,,,,,,,
措没达4,2009-08-04,1雀瞒 惑摸何,71.7,27,11.6,1.6,3.7,13.8,2.227,0.043,,8.5,0,165,300,,,,,,,,,,,,,2.192,0.062,1.532,0.014,0.004,3.7,,0,,,,,,,,,,,,,,,,,,,2.2,,
措没达4,2009-08-04,1雀瞒 吝摸何,,24,5.3,1.2,3.2,,2.225,0.028,,8,0,124,0,,,,,,,,,,,,,2.064,0.055,1.735,0.016,0.01,1.7,,0,,,,,,,,,,,,,,,,,,,,,
措没达4,2009-08-04,1雀瞒 窍摸何,,23,3.9,1.3,3.3,,2.13,0.048,,7.6,0,148,0,,,,,,,,,,,,,2.125,0.133,1.638,0.028,0.023,3,,0,,,,,,,,,,,,,,,,,,,,,
措没达4,2009-09-01,1雀瞒 惑摸何,71,27,7.2,1.3,3.5,6.9,1.408,0.033,,7.6,0,159,300,0,0,0,0,0,0,,,,,,,1.208,0.074,0.929,0.016,0.009,3.7,,0,,,,,,0,0,0,0,0,0,0,,,,0,,,2.1,,
措没达4,2009-09-01,1雀瞒 吝摸何,,26,6.3,1.3,3.4,,1.284,0.03,,7.5,0,165,0,0,0,0,0,0,0,,,,,,,1.254,0.063,0.954,0.013,0.006,5,,0,,,,,,0,0,0,0,0,0,0,,,,0,,,,,
措没达4,2009-09-01,1雀瞒 窍摸何,,23,1.2,1.6,4.5,,1.811,0.035,,6.9,0,169,0,0,0,0,0,0,0,,,,,,,1.785,0.348,1.132,0.004,0.001,6.3,,0,,,,,,0,0,0,0,0,0,0,,,,0,,,,,
措没达4,2009-10-05,1雀瞒 惑摸何,71.4,23,8.1,1.1,3.3,10.2,1.032,0.025,,7.8,0,165,500,,,,,,,,,,,,,0.862,0.051,0.657,0.005,0.001,3.7,,0,,,,,,,,,,,,,,,,,,,2.7,,
措没达4,2009-10-05,1雀瞒 吝摸何,,23,7.6,0.8,2.7,,1.039,0.016,,7.7,0,165,0,,,,,,,,,,,,,0.903,0.048,0.643,0.005,0.001,2.7,,0,,,,,,,,,,,,,,,,,,,,,
措没达4,2009-10-05,1雀瞒 窍摸何,,22,7.3,0.7,2.4,,1.222,0.016,,7.7,0,168,0,,,,,,,,,,,,,0.842,0.053,0.686,0.005,0.001,3.3,,0,,,,,,,,,,,,,,,,,,,,,
措没达4,2009-11-05,1雀瞒 惑摸何,69.4,16,9.2,1.1,3.3,13.6,1.369,0.017,,7.7,0,170,300,,,,,,,,,,,,,0.837,0.029,0.647,0.004,0.001,2.3,,0,,,,,,,,,,,,,,,,,,,2.5,,
措没达4,2009-11-05,1雀瞒 吝摸何,,16,8.9,0.7,2.6,,1.47,0.013,,7.7,0,170,0,,,,,,,,,,,,,0.935,0.026,0.669,0.005,0.001,3.3,,0,,,,,,,,,,,,,,,,,,,,,
措没达4,2009-11-05,1雀瞒 窍摸何,,16,9.1,0.9,2.9,,1.434,0.013,,7.7,0,169,0,,,,,,,,,,,,,0.877,0.026,0.646,0.004,0.001,4,,0,,,,,,,,,,,,,,,,,,,,,
措没达4,2009-12-01,1雀瞒 惑摸何,69.5,11,10.5,1.2,3.1,10.9,1.207,0.016,,7.7,0,159,100,0,0,0,0,0,0,,,,,,,1.139,0.024,0.705,0.006,0.001,2,,0,,,,,,0,,,,,,,,,,,,,2.8,,
措没达4,2009-12-01,1雀瞒 吝摸何,,10,10.7,1,2.9,,1.139,0.015,,7.8,0,162,0,0,0,0,0,0,0,,,,,,,1.068,0.023,0.692,0.004,0.001,2,,0,,,,,,0,,,,,,,,,,,,,,,
措没达4,2009-12-01,1雀瞒 窍摸何,,7,11.8,0.9,2.6,,1.78,0.014,,7.9,0,167,0,0,0,0,0,0,0,,,,,,,1.48,0.022,1.021,0.003,0.001,1.3,,0,,,,,,0,,,,,,,,,,,,,,,
措没达4,2010-01-05,1雀瞒 惑摸何,69,,,,,,,,,,,,,,,,,,,,,,,,,,,,,,,,,,,,,,,,,,,,,,,,,,,,,
措没达4,2010-02-02,1雀瞒 惑摸何,68.6,,,,,,,,,,,,,,,,,,,,,,,,,,,,,,,,,,,,,,,,,,,,,,,,,,,,,
措没达4,2010-03-02,1雀瞒 惑摸何,69.2,8,11.6,1.8,4.6,5.8,2.729,0.043,,7.6,0,154,100,0,0,0,0,0,0,,,,,,,2.35,0.125,1.708,0.016,0.005,12,,0,,,,,,0,0,0,0,0,0,0,,,,0,,,0.4,,
措没达4,2010-03-02,1雀瞒 吝摸何,,8,11.4,1.8,4.1,,2.709,0.046,,7.5,0,155,700,0,0,0,0,0,0,,,,,,,2.478,0.119,1.836,0.016,0.006,14.7,,0,,,,,,0,0,0,0,0,0,0,,,,0,,,,,
措没达4,2010-03-02,1雀瞒 窍摸何,,7,11.3,1.7,3.6,,3.437,0.046,,7.5,0,161,900,0,0,0,0,0,0,,,,,,,2.832,0.121,2.19,0.015,0.006,9,,200,,,,,,0,0,0,0,0,0,0,,,,0,,,,,
措没达4,2010-04-05,1雀瞒 惑摸何,69.4,10,11.4,1.2,3.4,2.2,2.058,0.02,,7.9,0,162,300,,,,,,,,,,,,,2.038,0.027,1.852,0.006,0.001,3.7,,0,,,,,,,,,,,,,,,,,,,1.5,,
措没达4,2010-04-05,1雀瞒 吝摸何,,9,11,1.1,3.1,,2.155,0.014,,7.8,0,153,0,,,,,,,,,,,,,2.036,0.036,1.864,0.005,0.001,3,,0,,,,,,,,,,,,,,,,,,,,,
措没达4,2010-04-05,1雀瞒 窍摸何,,9,10.9,1.1,3,,2.193,0.015,,7.8,0,165,0,,,,,,,,,,,,,2.124,0.023,1.812,0.005,0.001,2.7,,0,,,,,,,,,,,,,,,,,,,,,
措没达4,2010-05-03,1雀瞒 惑摸何,67.4,15,12.6,1.5,3.4,23,1.832,0.024,,8.9,0,166,0,,,,,,,,,,,,,1.739,0.027,1.517,0.008,0.002,3.7,,0,,,,,,,,,,,,,,,,,,,1.6,,
措没达4,2010-05-03,1雀瞒 吝摸何,,12,11.8,1,3.2,,1.784,0.015,,8.3,0,167,0,,,,,,,,,,,,,1.587,0.028,1.352,0.006,0.001,2.7,,0,,,,,,,,,,,,,,,,,,,,,
措没达4,2010-05-03,1雀瞒 窍摸何,,12,11.1,1.1,3,,1.785,0.016,,8,0,167,0,,,,,,,,,,,,,1.653,0.031,1.4,0.006,0.001,2.3,,0,,,,,,,,,,,,,,,,,,,,,
措没达4,2010-06-01,1雀瞒 惑摸何,66.6,21,11.5,1.3,3.8,26.9,2.189,0.038,,8.7,0,142,300,0,0,0,0,0,0,,,,,,,2.062,0.093,1.786,0.011,0.003,6.7,,0,,,,,,0,,,,,,,,,,,,,1.3,,
措没达4,2010-06-01,1雀瞒 吝摸何,,17,8.5,0.9,3,,2.459,0.032,,7.6,0,142,500,0,0,0,0,0,0,,,,,,,2.239,0.045,2.03,0.015,0.009,5.3,,0,,,,,,0,,,,,,,,,,,,,,,
措没达4,2010-06-01,1雀瞒 窍摸何,,16,7.1,1.1,3.1,,2.514,0.032,,7.3,0,157,100,0,0,0,0,0,0,,,,,,,2.177,0.089,1.9,0.018,0.01,5.3,,0,,,,,,0,,,,,,,,,,,,,,,
措没达4,2010-07-05,1雀瞒 惑摸何,62.9,26,6.9,0.8,2.8,5.4,1.46,0.043,,7.6,0,177,600,,,,,,,,,,,,,1.405,0.059,1.05,0.02,0.012,9.7,,200,,,,,,,,,,,,,0,0,,,,,1.1,,
措没达4,2010-07-05,1雀瞒 吝摸何,,26,5.9,1,3,,1.512,0.044,,7.4,0,183,400,,,,,,,,,,,,,1.4,0.109,0.979,0.021,0.015,8.3,,0,,,,,,,,,,,,,0,0,,,,,,,
措没达4,2010-07-05,1雀瞒 窍摸何,,19,1.3,1.7,3.4,,1.926,0.048,,7,0,188,400,,,,,,,,,,,,,1.848,0.523,1.1,0.012,0.006,13.3,,200,,,,,,,,,,,,,0,0,,,,,,,
措没达4,2010-08-02,1雀瞒 惑摸何,71.7,30,11.6,1.4,3.5,16.2,1.404,0.032,,9,0,170,100,,,,,,,,,,,,,1.307,0.051,0.959,0.012,0.003,2,,0,,,,,,,,,,,,,,,,,,,1.6,,
措没达4,2010-08-02,1雀瞒 吝摸何,,28,8.9,1.1,3,,1.467,0.027,,8.3,0,169,100,,,,,,,,,,,,,1.455,0.033,1.19,0.013,0.007,3,,0,,,,,,,,,,,,,,,,,,,,,
措没达4,2010-08-02,1雀瞒 窍摸何,,26,5.9,1,3,,1.81,0.031,,7.8,0,206,100,,,,,,,,,,,,,1.624,0.083,1.297,0.017,0.01,3,,0,,,,,,,,,,,,,,,,,,,,,
措没达4,2010-09-01,1雀瞒 惑摸何,73.7,27,7.3,1.1,2.4,12.3,1.907,0.035,,7.5,0,152,300,0,0,0,0,0,0,,,,,,,1.592,0.04,1.517,0.012,0.004,2.3,,100,,,,,,0,0,0,0,0,0,0,,,,0,,,1.5,,
措没达4,2010-09-01,1雀瞒 吝摸何,,26,6.9,0.7,2.2,,1.758,0.038,,7.4,0,152,400,0,0,0,0,0,0,,,,,,,1.728,0.041,1.599,0.012,0.008,3,,100,,,,,,0,0,0,0,0,0,0,,,,0,,,,,
措没达4,2010-09-01,1雀瞒 窍摸何,,26,6.8,0.7,2.2,,1.789,0.038,,7.4,0,151,100,0,0,0,0,0,0,,,,,,,1.733,0.04,1.582,0.013,0.006,3.7,,0,,,,,,0,0,0,0,0,0,0,,,,0,,,,,
措没达4,2010-10-05,1雀瞒 惑摸何,74.8,22,10.1,1,4.4,38.7,1.419,0.031,,8.7,0,131,100,,,,,,,,,,,,,1.344,0.015,1.005,0.008,0.001,7,,0,,,,,,,,,,,,,,,,,,,1.9,,
措没达4,2010-10-05,1雀瞒 吝摸何,,22,8.9,0.8,4.3,,1.418,0.025,,8.2,0,132,0,,,,,,,,,,,,,1.244,0.02,0.926,0.008,0.001,2.7,,0,,,,,,,,,,,,,,,,,,,,,
措没达4,2010-10-05,1雀瞒 窍摸何,,20,8.6,1,2.4,,1.53,0.044,,8.1,0,162,0,,,,,,,,,,,,,1.513,0.054,1.272,0.006,0.001,7,,0,,,,,,,,,,,,,,,,,,,,,
措没达4,2010-11-03,1雀瞒 惑摸何,74.2,17,10,1,3.8,21.2,1.217,0.019,,7.9,0,147,300,,,,,,,,,,,,,1.201,0.023,1.046,0.006,0.001,3.3,,0,,,,,,,,,,,,,,,,,,,2.1,,
措没达4,2010-11-03,1雀瞒 吝摸何,,17,9.7,0.8,3.5,,1.215,0.019,,7.9,0,147,0,,,,,,,,,,,,,1.121,0.022,1.01,0.006,0.001,4.3,,0,,,,,,,,,,,,,,,,,,,,,
措没达4,2010-11-03,1雀瞒 窍摸何,,15,9.6,0.8,3.3,,1.231,0.018,,7.9,0,165,0,,,,,,,,,,,,,1.14,0.041,1.029,0.005,0.001,4.3,,0,,,,,,,,,,,,,,,,,,,,,
措没达4,2010-12-07,1雀瞒 惑摸何,73.3,11,10.9,1.3,3.2,10.4,1.614,0.017,,7.7,0,147,100,0,0,0,0,0,0,,,,,,,1.387,0.032,0.964,0.007,0.001,1,,0,,,,,,0,,,,,,,,,,,,,3.2,,
措没达4,2010-12-07,1雀瞒 吝摸何,,10,10.7,1.1,3,,1.546,0.015,,7.7,0,148,0,0,0,0,0,0,0,,,,,,,1.281,0.033,1.027,0.006,0.001,0.7,,0,,,,,,0,,,,,,,,,,,,,,,
措没达4,2010-12-07,1雀瞒 窍摸何,,8,11,1.3,2.9,,1.399,0.013,,7.7,0,159,0,0,0,0,0,0,0,,,,,,,1.336,0.035,1.053,0.006,0.001,2,,0,,,,,,0,,,,,,,,,,,,,,,
措没达4,2011-02-21,1雀瞒,,,,,,,,,,,,,,,,,,,,,,,,,,,,,,,,,,,,,,,,,,,,,,,,,,,,,,
措没达4,2011-03-01,1雀瞒,,,,,,,,,,,,,,,,,,,,,,,,,,,,,,,,,,,,,,,,,,,,,,,,,,,,,,
措没达4,2011-03-03,1雀瞒,,,,,,,,,,,,,,,,,,,,,,,,,,,,,,,,,,,,,,,,,,,,,,,,,,,,,,
措没达4,2011-04-04,1雀瞒 惑摸何,70.1,10,12.6,1.1,3,8.5,1.823,0.02,,8.2,0,167,0,,,,,,,,,,,,,1.769,0.02,1.473,0.011,0.001,3.4,,0,,,,,,,,,,,,,,,,,,,1.9,,
措没达4,2011-04-04,1雀瞒 吝摸何,,9,12.3,1.3,3,,2.039,0.02,,8.3,0,167,100,,,,,,,,,,,,,1.872,0.03,1.747,0.009,0,2.4,,0,,,,,,,,,,,,,,,,,,,,,
措没达4,2011-04-04,1雀瞒 窍摸何,,7,11.4,1.4,4,,2.577,0.02,,8.3,0,170,0,,,,,,,,,,,,,2.331,0.06,2.059,0.007,0,4.4,,0,,,,,,,,,,,,,,,,,,,,,
措没达4,2011-05-03,1雀瞒 惑摸何,70,16,11.3,1.5,3.3,18.7,2.111,0.028,,8.3,0,154,0,,,,,,,,,,,,,2.048,0.087,1.241,0.006,0.003,7.7,,0,,,,,,,,,,,,,,,,,,,1.9,,
措没达4,2011-05-03,1雀瞒 吝摸何,,15,9.9,1.8,4.4,,1.849,0.031,,7.4,0,154,300,,,,,,,,,,,,,1.835,0.068,1.316,0.004,0.003,14,,0,,,,,,,,,,,,,,,,,,,,,
措没达4,2011-05-03,1雀瞒 窍摸何,,10,7.3,1.5,4,,1.887,0.017,,7,0,168,0,,,,,,,,,,,,,1.811,0.176,1.174,0.008,0.006,8,,0,,,,,,,,,,,,,,,,,,,,,
措没达4,2011-06-09,1雀瞒 惑摸何,11.7,26,13.3,2.4,4.2,33.1,2.828,0.039,,9.5,0,187,200,0,0,0,0,0,0,,,,,,,2.648,0.139,2.483,0.015,0.005,10,,0,,,,,,0,,,,,,,,,,,,,0.6,,
措没达4,2011-06-09,1雀瞒 吝摸何,,23,9.4,1.7,3.2,,3.287,0.028,,8.3,0,186,700,0,0,0,0,0,0,,,,,,,2.932,0.009,2.896,0.01,0.004,4.7,,0,,,,,,0,,,,,,,,,,,,,,,
措没达4,2011-06-09,1雀瞒 窍摸何,,16,1.5,1.1,3.2,,3.683,0.062,,6.8,0,152,200,0,0,0,0,0,0,,,,,,,2.509,0.003,2.479,0.034,0.008,5.7,,300,,,,,,0,,,,,,,,,,,,,,,
措没达4,2011-07-12,1雀瞒 惑摸何,77.6,19,8.2,0.9,5.6,9.2,2.28,0.246,,6.8,0,68,2800,,,,,,,,,,,,,1.75,0.042,1.363,0.067,0.048,74,,1000,,,,,,,,,,,,,0,0,,,,,0.1,,
措没达4,2011-07-12,1雀瞒 吝摸何,,18,8.4,1.1,5.3,,2.355,0.184,,6.8,0,69,2900,,,,,,,,,,,,,1.935,0.036,1.487,0.066,0.047,56,,1300,,,,,,,,,,,,,0,0,,,,,,,
措没达4,2011-07-12,1雀瞒 窍摸何,,18,8.6,1.2,5.2,,2.219,0.189,,6.8,0,69,3900,,,,,,,,,,,,,2.072,0.036,1.537,0.063,0.046,55,,2600,,,,,,,,,,,,,0,0,,,,,,,
措没达4,2011-08-01,1雀瞒 惑摸何,72.3,29,11.3,1.9,4.1,36.5,2.011,0.051,,9.3,0,154,600,,,,,,,,,,,,,1.797,0.044,1.662,0.019,0.002,7,,100,,,,,,,,,,,,,,,,,,,1.6,,
措没达4,2011-08-01,1雀瞒 吝摸何,,25,6.2,1.1,3,,2.103,0.053,,8,0,153,400,,,,,,,,,,,,,2.061,0.044,1.978,0.033,0.028,7,,100,,,,,,,,,,,,,,,,,,,,,
措没达4,2011-08-01,1雀瞒 窍摸何,,20,2.9,1,4,,2.104,0.058,,7.5,0,128,100,,,,,,,,,,,,,2.018,0.006,2.008,0.029,0.023,9.7,,0,,,,,,,,,,,,,,,,,,,,,
措没达4,2011-09-02,1雀瞒 惑摸何,73.7,29,12.2,1.6,3.7,10.3,1.419,0.031,,9.7,0,128,1100,0,0,0,0,0,0,,,,,,,1.279,0.035,1.126,0.015,0,3,,300,,,,,,0,0,0,0,0,0,0,,,,0,,,1.6,,
措没达4,2011-09-02,1雀瞒 吝摸何,,24,6.5,1.3,3.5,,1.815,0.034,,7.9,0,123,1300,0,0,0,0,0,0,,,,,,,1.614,0.055,1.399,0.006,0.002,8.7,,400,,,,,,0,0,0,0,0,0,0,,,,0,,,,,
措没达4,2011-09-02,1雀瞒 窍摸何,,23,6.2,1,2.7,,1.853,0.031,,7.5,0,145,400,0,0,0,0,0,0,,,,,,,1.802,0.014,1.645,0.015,0.007,5,,100,,,,,,0,0,0,0,0,0,0,,,,0,,,,,
措没达4,2011-10-04,1雀瞒 惑摸何,73.7,22,9.3,1.1,3.6,29.5,1.408,0.02,,7.7,0,162,300,,,,,,,,,,,,,1.38,0.035,1.09,0.003,0.001,6.3,,0,,,,,,,,,,,,,,,,,,,1.7,,
措没达4,2011-10-04,1雀瞒 吝摸何,,22,8.6,0.6,3.6,,1.337,0.021,,7.8,0,163,500,,,,,,,,,,,,,1.166,0.033,1.085,0.003,0.001,6.3,,0,,,,,,,,,,,,,,,,,,,,,
措没达4,2011-10-04,1雀瞒 窍摸何,,21,8.5,0.7,3.4,,1.323,0.026,,7.7,0,163,400,,,,,,,,,,,,,1.317,0.02,1.066,0.004,0.001,8.7,,200,,,,,,,,,,,,,,,,,,,,,
措没达4,2011-11-07,1雀瞒 惑摸何,73.4,19,9,1.4,3.4,18.8,1.504,0.014,,7.9,0,154,100,,,,,,,,,,,,,1.5,0.035,1.249,0.005,0,2.3,,0,,,,,,,,,,,,,,,,,,,2.6,,
措没达4,2011-11-07,1雀瞒 吝摸何,,18,8.8,0.8,3,,1.282,0.015,,7.8,0,164,200,,,,,,,,,,,,,1.258,0.032,1.198,0.005,0.005,1.3,,0,,,,,,,,,,,,,,,,,,,,,
措没达4,2011-11-07,1雀瞒 窍摸何,,16,9.3,0.9,3.1,,1.654,0.016,,7.8,0,177,400,,,,,,,,,,,,,1.303,0.032,1.21,0.006,0,2,,0,,,,,,,,,,,,,,,,,,,,,
措没达4,2011-12-05,1雀瞒 惑摸何,73.8,12,11,1.4,3.4,17.3,1.449,0.022,,7.5,0,141,700,0,0,0,0,0,0,,,,,,,1.286,0.015,1.052,0.004,0.002,3.3,,200,,,,,,0,,,,,,,,,,,,,3,,
措没达4,2011-12-05,1雀瞒 吝摸何,,10,11.3,0.9,2.9,,1.558,0.017,,7.7,0,150,500,0,0,0,0,0,0,,,,,,,1.268,0.01,1.129,0.005,0.001,3.3,,300,,,,,,0,,,,,,,,,,,,,,,
措没达4,2011-12-05,1雀瞒 窍摸何,,9,11.3,0.8,2.7,,1.968,0.024,,7.7,0,160,1200,0,0,0,0,0,0,,,,,,,1.893,0.016,1.558,0.006,0.002,6.3,,900,,,,,,0,,,,,,,,,,,,,,,
措没达4,2012-01-03,1雀瞒 惑摸何,73.7,2,13.8,0.8,2.7,11.6,2.243,0.014,,7.5,0,157,0,,,,,,,,,,,,,2.234,0.02,1.925,0.005,0.002,0.8,,0,,,,,,,,,,,,,,,,,,,3,,
措没达4,2012-01-03,1雀瞒 吝摸何,,3,13.6,0.9,2.6,,2.914,0.017,,7.6,0,154,0,,,,,,,,,,,,,1.956,0.031,1.782,0.005,0.003,1.4,,0,,,,,,,,,,,,,,,,,,,,,
措没达4,2012-01-03,1雀瞒 窍摸何,,4,12.9,0.5,2.6,,2.063,0.013,,7.6,0,151,0,,,,,,,,,,,,,1.963,0.033,1.688,0.005,0.003,1.2,,0,,,,,,,,,,,,,,,,,,,,,
措没达4,2012-02-09,1雀瞒,,,,,,,,,,,,,,,,,,,,,,,,,,,,,,,,,,,,,,,,,,,,,,,,,,,,,,
措没达4,2012-03-06,1雀瞒,,,,,,,,,,,,,,,,,,,,,,,,,,,,,,,,,,,,,,,,,,,,,,,,,,,,,,
措没达4,2012-04-05,1雀瞒 惑摸何,71.6,10,11.3,1.2,2.9,1.9,2.213,0.018,,7.6,0,119,100,,,,,,,,,,,,,2.147,0.042,1.776,0.008,0.005,2.6,,0,,,,,,,,,,,,,,,,,,,1.8,,
措没达4,2012-04-05,1雀瞒 吝摸何,,10,11,1.2,2.9,,2.293,0.019,,7.6,0,119,0,,,,,,,,,,,,,2.075,0.027,1.444,0.007,0.004,2.4,,0,,,,,,,,,,,,,,,,,,,,,
措没达4,2012-04-05,1雀瞒 窍摸何,,10,11,1.6,3,,2.082,0.019,,7.5,0,120,0,,,,,,,,,,,,,2.028,0.025,1.762,0.007,0.004,2.6,,0,,,,,,,,,,,,,,,,,,,,,
措没达4,2012-05-03,1雀瞒 惑摸何,69.9,20,11.2,1.2,2.9,2,2.387,0.011,,9,0,110,100,,,,,,,,,,,,,2.362,0.014,1.9,0.006,0.004,1.6,,0,,,,,,,,,,,,,,,,,,,2.2,,
措没达4,2012-05-03,1雀瞒 吝摸何,,16,8.5,1.2,2.7,,2.61,0.01,,7.7,0,115,0,,,,,,,,,,,,,2.594,0.013,2.028,0.006,0.003,1.6,,0,,,,,,,,,,,,,,,,,,,,,
措没达4,2012-05-03,1雀瞒 窍摸何,,12,6.3,1.6,2.6,,2.51,0.01,,7.3,0,123,100,,,,,,,,,,,,,2.479,0.052,1.998,0.006,0.004,1.6,,0,,,,,,,,,,,,,,,,,,,,,
措没达4,2012-06-04,1雀瞒 惑摸何,68.1,21,11.1,1.8,3.3,10.6,1.742,0.013,,8.8,0,93,200,0,0,0,0,0,0,,,,,,,1.564,0.034,1.422,0.008,0.003,3.2,,0,,,,,,0,,,,,,,,,,,,,2.2,,
措没达4,2012-06-04,1雀瞒 吝摸何,,16,8.2,1.7,3.2,,1.802,0.013,,7.7,0,91,400,0,0,0,0,0,0,,,,,,,1.764,0.046,1.509,0.01,0.002,1.5,,0,,,,,,0,,,,,,,,,,,,,,,
措没达4,2012-06-04,1雀瞒 窍摸何,,12,7.9,1.8,3.5,,1.919,0.012,,7.2,0,101,100,0,0,0,0,0,0,,,,,,,1.895,0.022,1.521,0.006,0.002,4.5,,0,,,,,,0,,,,,,,,,,,,,,,
措没达4,2012-07-03,1雀瞒 惑摸何,9,26,10,1.1,2.8,5.4,1.295,0.029,1.6,8.8,0,131,1000,,,,,,,,,,,,,1.213,0,1.013,0.007,0.002,6.8,,400,,,,,,,,,,,,,0,0,,,,,1.5,,
措没达4,2012-07-03,1雀瞒 吝摸何,,25,7.5,1.2,3,,1.345,0.024,1.5,8.1,0,130,800,,,,,,,,,,,,,1.21,0,1.056,0.013,0.002,6.8,,400,,,,,,,,,,,,,0,0,,,,,,,
措没达4,2012-07-03,1雀瞒 窍摸何,,25,5.4,1.4,3.2,,1.268,0.019,1.4,7.9,0,131,1000,,,,,,,,,,,,,1.198,0,1.045,0.005,0.002,5.8,,300,,,,,,,,,,,,,0,0,,,,,,,
措没达4,2012-08-02,1雀瞒 惑摸何,14,31,10.6,1.4,3.4,5.4,2.298,0.046,2.5,9.3,0,131,14000,,,,,,,,,,,,,2.067,0.033,1.48,0.026,0.008,2,,10000,,,,,,,,,,,,,,,,,,,2.2,,
措没达4,2012-08-02,1雀瞒 吝摸何,,25,4.5,1.4,3.4,,2.567,0.044,2.6,7.3,0,111,700,,,,,,,,,,,,,2.537,0,1.949,0.02,0.011,2,,100,,,,,,,,,,,,,,,,,,,,,
措没达4,2012-08-02,1雀瞒 窍摸何,,23,2.3,1.5,3.6,,2.527,0.037,2.5,7.4,0,109,500,,,,,,,,,,,,,2.514,0,1.967,0.032,0.021,2,,200,,,,,,,,,,,,,,,,,,,,,
措没达4,2012-09-03,1雀瞒 惑摸何,77.3,25,11,1.3,3.3,26.5,1.724,0.07,2.7,8.7,0,84,1800,0,0,0,0,0,0,,,,,,,1.537,0.02,1.372,0.009,0.016,4.3,,6000,,,,,,0,0,0,0,0,0,0,,,,0,,,0.8,,
措没达4,2012-09-03,1雀瞒 吝摸何,,21,7.7,1.4,3.5,,1.731,0.062,2.9,7.4,0,71,0,0,0,0,0,0,0,,,,,,,1.541,0.02,1.376,0.007,0.012,4.1,,0,,,,,,0,0,0,0,0,0,0,,,,0,,,,,
措没达4,2012-09-03,1雀瞒 窍摸何,,21,7.2,1.4,3.7,,1.72,0.056,3.4,7.1,0,69,1500,0,0,0,0,0,0,,,,,,,1.535,0.01,1.369,0.007,0.01,4.9,,0,,,,,,0,0,0,0,0,0,0,,,,0,,,,,
措没达4,2012-10-08,1雀瞒 惑摸何,75.9,22,10.9,1.7,3.4,34,1.828,0.034,2.5,8.9,0,103,1000,,,,,,,,,,,,,1.792,0.011,1.309,0.007,0.003,4,,2000,,,,,,,,,,,,,,,,,,,1.9,,
措没达4,2012-10-08,1雀瞒 吝摸何,,21,9.9,1.5,3.3,,1.525,0.013,2.4,8.7,0,108,0,,,,,,,,,,,,,1.334,0.004,1.136,0.004,0.001,3.8,,1300,,,,,,,,,,,,,,,,,,,,,
措没达4,2012-10-08,1雀瞒 窍摸何,,20,8.5,1.3,3.3,,2.019,0.017,1.6,8,0,135,2000,,,,,,,,,,,,,1.726,0.043,1.587,0.003,0.003,4,,0,,,,,,,,,,,,,,,,,,,,,
措没达4,2012-11-06,1雀瞒 惑摸何,75.4,16,9.7,1.3,4,11.4,1.134,0.025,2.6,7.2,0,129,0,,,,,,,,,,,,,1.087,0.033,1.002,0.012,0.002,1.4,,0,,,,,,,,,,,,,,,,,,,2.5,,
措没达4,2012-11-06,1雀瞒 吝摸何,,16,9.3,1,3.7,,1.201,0.018,2.3,7.3,0,130,0,,,,,,,,,,,,,1.012,0.026,1.034,0.004,0.001,1.6,,0,,,,,,,,,,,,,,,,,,,,,
措没达4,2012-11-06,1雀瞒 窍摸何,,15,9,0.9,3.5,,1.299,0.011,2.1,7.3,0,137,0,,,,,,,,,,,,,1.208,0.029,1.131,0.002,0.001,3.2,,0,,,,,,,,,,,,,,,,,,,,,
措没达4,2012-12-05,1雀瞒 惑摸何,75,9,12.1,1.4,3.5,8,1.115,0.026,1.9,7.4,0,128,300,0,0,0,0,0,0,,,,,,,1.005,0.036,1.015,0.011,0.002,1.1,,0,,,,,,0,,,,,,,,,,,,,2.8,,
措没达4,2012-12-05,1雀瞒 吝摸何,,9,11.4,1.4,3.3,,1.18,0.019,1.9,7.5,0,129,0,0,0,0,0,0,0,,,,,,,1.037,0.032,1.018,0.005,0.001,1,,0,,,,,,0,,,,,,,,,,,,,,,
措没达4,2012-12-05,1雀瞒 窍摸何,,8,11.6,1.5,3.4,,1.259,0.028,1.8,7.5,0,140,0,0,0,0,0,0,0,,,,,,,1.092,0.03,1.121,0.013,0.001,2,,0,,,,,,0,,,,,,,,,,,,,,,
措没达4,2013-01-07,1雀瞒 惑摸何,,,,,,,,,,,,,,,,,,,,,,,,,,,,,,,,,,,,,,,,,,,,,,,,,,,,,,
措没达4,2013-01-07,1雀瞒 吝摸何,,,,,,,,,,,,,,,,,,,,,,,,,,,,,,,,,,,,,,,,,,,,,,,,,,,,,,
措没达4,2013-01-07,1雀瞒 窍摸何,,,,,,,,,,,,,,,,,,,,,,,,,,,,,,,,,,,,,,,,,,,,,,,,,,,,,,
措没达4,2013-02-06,1雀瞒 惑摸何,,,,,,,,,,,,,,,,,,,,,,,,,,,,,,,,,,,,,,,,,,,,,,,,,,,,,,
措没达4,2013-02-06,1雀瞒 吝摸何,,,,,,,,,,,,,,,,,,,,,,,,,,,,,,,,,,,,,,,,,,,,,,,,,,,,,,
措没达4,2013-02-06,1雀瞒 窍摸何,,,,,,,,,,,,,,,,,,,,,,,,,,,,,,,,,,,,,,,,,,,,,,,,,,,,,,
措没达4,2013-03-04,1雀瞒 惑摸何,,,,,,,,,,,,,,,,,,,,,,,,,,,,,,,,,,,,,,,,,,,,,,,,,,,,,,
措没达4,2013-03-04,1雀瞒 吝摸何,,,,,,,,,,,,,,,,,,,,,,,,,,,,,,,,,,,,,,,,,,,,,,,,,,,,,,
措没达4,2013-03-04,1雀瞒 窍摸何,,,,,,,,,,,,,,,,,,,,,,,,,,,,,,,,,,,,,,,,,,,,,,,,,,,,,,
措没达4,2013-04-04,1雀瞒 惑摸何,71.7,12,12.3,1.2,3.2,7,1.94,0.023,1.3,8.1,0,124,0,,,,,,,,,,,,,1.86,0.06,1.67,0.021,0.002,2,,0,,,,,,,,,,,,,,,,,,,2.2,,
措没达4,2013-04-04,1雀瞒 吝摸何,,11,12.6,1.3,3.1,,2.141,0.017,1.2,8.4,0,125,0,,,,,,,,,,,,,1.94,0.04,1.73,0.015,0.001,2.4,,0,,,,,,,,,,,,,,,,,,,,,
措没达4,2013-04-04,1雀瞒 窍摸何,,10,12,1,2.9,,2.105,0.021,1.3,8.2,0,123,200,,,,,,,,,,,,,1.87,0.04,1.71,0.019,0.001,2.6,,0,,,,,,,,,,,,,,,,,,,,,
措没达4,2013-05-02,1雀瞒 惑摸何,70.3,15,12,1.2,3.2,5.9,2.106,0.019,1.5,7.9,0,133,0,,,,,,,,,,,,,2.06,0.031,1.64,0.017,0.002,3.2,,0,,,,,,,,,,,,,,,,,,,1.5,,
措没达4,2013-05-02,1雀瞒 吝摸何,,14,10.5,1.2,3.3,,2.232,0.019,1.5,8,0,137,0,,,,,,,,,,,,,2.11,0.039,1.67,0.017,0.001,2.6,,0,,,,,,,,,,,,,,,,,,,,,
措没达4,2013-05-02,1雀瞒 窍摸何,,12,8.3,1.3,3,,2.481,0.021,1.5,7.7,0,146,0,,,,,,,,,,,,,2.39,0.067,1.67,0.018,0.002,2.8,,0,,,,,,,,,,,,,,,,,,,,,
措没达4,2013-06-03,1雀瞒 惑摸何,69.1,24,10.9,2.2,3.2,5.9,1.974,0.031,2.1,8.7,0,142,2000,0,0,0,0,0,0,,,,,,,1.927,0.094,1.067,0.03,0.002,2.8,,1300,,,,,,0,,,,,,,,,,,,,1.7,,
措没达4,2013-06-03,1雀瞒 吝摸何,,21,7.8,1.4,3.5,,2.305,0.032,1.9,8.6,0,143,3000,0,0,0,0,0,0,,,,,,,2.29,0.004,1.473,0.03,0.002,3.6,,2000,,,,,,0,,,,,,,,,,,,,,,
措没达4,2013-06-03,1雀瞒 窍摸何,,20,5.5,1.6,3.1,,2.127,0.029,2,8.2,0,159,2300,0,0,0,0,0,0,,,,,,,2.106,0.009,1.366,0.028,0.002,4.8,,1200,,,,,,0,,,,,,,,,,,,,,,
措没达4,2013-07-01,1雀瞒 惑摸何,66.2,29,10.6,1,3.9,2.9,2.162,0.038,0,8.8,0,158,700,,,,,,,,,,,,,2.119,0.004,1.146,0.036,0.003,2.4,,300,,,,,,,,,,,,,,,,,,,7.2,,
措没达4,2013-07-01,1雀瞒 吝摸何,,26,6.4,1,3.4,,2.27,0.037,0,8.3,0,162,500,,,,,,,,,,,,,2.228,0.002,1.55,0.035,0.002,4.4,,100,,,,,,,,,,,,,,,,,,,,,
措没达4,2013-07-01,1雀瞒 窍摸何,,24,5,1.2,4.6,,2.501,0.046,0,8.1,0,163,0,,,,,,,,,,,,,2.47,0.005,2.093,0.042,0.003,2.8,,0,,,,,,,,,,,,,,,,,,,,,
措没达4,2013-08-01,1雀瞒 惑摸何,67.8,29,8.2,1.2,3.1,11.6,1.834,0.031,1.7,8.2,0,156,16000,,,,,,,,,,,,,1.786,0.007,1.025,0.029,0.002,2.8,,0,,,,,,,,,,,,,,,,,,,1.6,,
措没达4,2013-08-01,1雀瞒 吝摸何,,29,7,1.4,3.2,,1.942,0.023,1.6,8.2,0,157,300,,,,,,,,,,,,,1.894,0.002,0.719,0.021,0.002,4.8,,400,,,,,,,,,,,,,,,,,,,,,
措没达4,2013-08-01,1雀瞒 窍摸何,,27,4.1,1.2,3,,1.795,0.03,1.6,7.9,0,161,300,,,,,,,,,,,,,1.769,0.029,1.059,0.029,0.002,2.2,,800,,,,,,,,,,,,,,,,,,,,,
措没达4,2013-09-03,1雀瞒 惑摸何,69.5,28,11.5,3.1,6.3,24.8,1.531,0.058,3,9.9,0,147,1000,0,0,0,0,0,0,,,,,,,1.423,0.03,1.081,0.013,0.001,6.7,,200,,,,,,0,0,0,0,0,0,0,,,0,0,,0,0.6,,
措没达4,2013-09-03,1雀瞒 吝摸何,,28,10.2,2.6,4.2,,1.489,0.046,3,9.7,0,144,100,0,0,0,0,0,0,,,,,,,1.422,0.022,0.956,0.016,0.002,4.8,,0,,,,,,0,0,0,0,0,0,0,,,0,0,,0,,,
措没达4,2013-09-03,1雀瞒 窍摸何,,27,7.2,1.3,3.1,,2.159,0.048,2,8.8,0,141,0,0,0,0,0,0,0,,,,,,,2.045,0.009,1.612,0.015,0.003,3.6,,0,,,,,,0,0,0,0,0,0,0,,,0,0,,0,,,
措没达4,2013-10-01,1雀瞒 惑摸何,69.6,24,9.2,2.3,5.1,28.3,1.855,0.056,2.7,8.7,0,141,0,,,,,,,,,,,,,1.533,0.002,1.025,0.051,0.004,14.4,,0,,,,,,,,,,,,,,,,,,,0.2,,
措没达4,2013-10-01,1雀瞒 吝摸何,,23,7.9,1.5,3.2,,1.761,0.039,2.1,8.9,0,143,200,,,,,,,,,,,,,1.429,0.003,1.15,0.038,0.002,8,,0,,,,,,,,,,,,,,,,,,,,,
措没达4,2013-10-01,1雀瞒 窍摸何,,23,7.5,1.3,2.9,,1.643,0.046,1.9,8.7,0,145,0,,,,,,,,,,,,,1.472,0.081,0.755,0.04,0.002,7.2,,0,,,,,,,,,,,,,,,,,,,,,
措没达4,2013-11-05,1雀瞒 惑摸何,69.6,18,10,1.9,4.4,8.3,0.92,0.025,2.3,8.1,0,149,100,,,,,,,,,,,,,0.782,0.011,0.643,0.019,0.002,5.3,,100,,,,,,,,,,,,,,,,,,,2,,
措没达4,2013-11-05,1雀瞒 吝摸何,,17,10.1,1.7,3.9,,0.876,0.02,2.2,8.5,0,149,200,,,,,,,,,,,,,0.778,0.017,0.683,0.011,0.003,4.7,,0,,,,,,,,,,,,,,,,,,,,,
措没达4,2013-11-05,1雀瞒 窍摸何,,15,9.7,1.1,3,,1.354,0.024,1.7,8.5,0,154,1600,,,,,,,,,,,,,1.049,0.026,0.97,0.012,0.003,4.3,,300,,,,,,,,,,,,,,,,,,,,,
措没达4,2013-12-02,1雀瞒 惑摸何,69.3,9,10.7,1.3,3.3,14.6,1.528,0.016,1.7,8.2,0,152,0,0,0,0,0,0,0,,,,,,,1.153,0.01,0.875,0.012,0.008,3.3,,0,,,,,,0,,,,,,,,,0,,,,1.8,,
措没达4,2013-12-02,1雀瞒 吝摸何,,7,11,1.4,3.5,,1.536,0.016,1.7,8.5,0,159,200,0,0,0,0,0,0,,,,,,,1.24,0.01,1.11,0.011,0.008,3,,0,,,,,,0,,,,,,,,,0,,,,,,
措没达4,2013-12-02,1雀瞒 窍摸何,,6,11.2,1.3,3.4,,1.833,0.015,1.3,7.7,0,164,300,0,0,0,0,0,0,,,,,,,1.535,0.01,1.111,0.012,0.01,2,,0,,,,,,0,,,,,,,,,0,,,,,,
措没达4,2014-01-06,1雀瞒 惑摸何,,,,,,,,,,,,,,,,,,,,,,,,,,,,,,,,,,,,,,,,,,,,,,,,,,,,,,
措没达4,2014-01-06,1雀瞒 吝摸何,,,,,,,,,,,,,,,,,,,,,,,,,,,,,,,,,,,,,,,,,,,,,,,,,,,,,,
措没达4,2014-01-06,1雀瞒 窍摸何,,,,,,,,,,,,,,,,,,,,,,,,,,,,,,,,,,,,,,,,,,,,,,,,,,,,,,
措没达4,2014-02-03,1雀瞒 惑摸何,66.2,,,,,,,,,,,,,,,,,,,,,,,,,,,,,,,,,,,,,,,,,,,,,,,,,,,,,
措没达4,2014-02-03,1雀瞒 吝摸何,,,,,,,,,,,,,,,,,,,,,,,,,,,,,,,,,,,,,,,,,,,,,,,,,,,,,,
措没达4,2014-02-03,1雀瞒 窍摸何,,,,,,,,,,,,,,,,,,,,,,,,,,,,,,,,,,,,,,,,,,,,,,,,,,,,,,
措没达4,2014-03-03,1雀瞒 惑摸何,68.1,6,13.4,1.1,2.9,3.3,1.324,0.02,1.6,7.3,0,156,0,0,0,0,0,0,0,,,,,,,1.201,0.008,0.978,0.016,0.013,2,,0,,,,,,0,0,0,0,0,0,0,,,0,0,,0,2.1,,
措没达4,2014-03-03,1雀瞒 吝摸何,,5,13.5,1.1,3.1,,1.404,0.018,1.5,7.4,0,157,0,0,0,0,0,0,0,,,,,,,1.274,0.008,1.032,0.015,0.013,2.3,,0,,,,,,0,0,0,0,0,0,0,,,0,0,,0,,,
措没达4,2014-03-03,1雀瞒 窍摸何,,5,13.5,1,2.9,,1.382,0.02,1.1,7.5,0,158,0,0,0,0,0,0,0,,,,,,,1.261,0.009,1.023,0.014,0.011,2.2,,0,,,,,,0,0,0,0,0,0,0,,,0,0,,0,,,
措没达4,2014-04-02,1雀瞒 惑摸何,68.7,16,10.7,1,2.6,12.1,2.382,0.014,1.5,7.5,0,136,600,,,,,,,,,,,,,1.984,0.015,1.746,0.012,0.007,6,,0,,,,,,,,,,,,,,,,,,,1.5,,
措没达4,2014-04-02,1雀瞒 吝摸何,,14,9.9,1.1,2.8,,2.41,0.013,1.4,7.8,0,138,500,,,,,,,,,,,,,1.981,0.015,1.744,0.011,0.006,4.8,,0,,,,,,,,,,,,,,,,,,,,,
措没达4,2014-04-02,1雀瞒 窍摸何,,13,9.4,1.1,2.7,,2.305,0.015,1.4,7.8,0,147,200,,,,,,,,,,,,,1.916,0.014,1.705,0.012,0.007,3.2,,0,,,,,,,,,,,,,,,,,,,,,
措没达4,2014-05-07,1雀瞒 惑摸何,69.2,18,11.3,1.5,3.8,18.6,2.528,0.009,1.9,8,0,117,100,,,,,,,,,,,,,2.38,0.038,2.013,0.007,0.004,4.4,,200,,,,,,,,,,,,,,,,,,,1.4,,
措没达4,2014-05-07,1雀瞒 吝摸何,,17,11,1.3,3.3,,2.225,0.009,1.9,8.1,0,114,100,,,,,,,,,,,,,2.124,0.029,1.897,0.007,0.005,4.4,,0,,,,,,,,,,,,,,,,,,,,,
措没达4,2014-05-07,1雀瞒 窍摸何,,17,10.3,1.2,2.7,,2.165,0.008,1.8,8,0,115,0,,,,,,,,,,,,,2.024,0.023,1.759,0.006,0.003,4.2,,0,,,,,,,,,,,,,,,,,,,,,
措没达4,2014-06-02,1雀瞒 惑摸何,67.4,25,9.2,1.6,3.8,7.7,1.867,0.02,1.7,8.4,0,163,500,0,0,0,0,0,0,,,,,,,1.718,0.113,1.433,0.011,0.005,2.8,,0,,,,,,0,,,,,,,,,0,,,,2,,
措没达4,2014-06-02,1雀瞒 吝摸何,,22,5.1,1.3,3.1,,1.886,0.022,1.6,7.9,0,165,600,0,0,0,0,0,0,,,,,,,1.69,0.145,1.306,0.014,0.007,2.6,,0,,,,,,0,,,,,,,,,0,,,,,,
措没达4,2014-06-02,1雀瞒 窍摸何,,18,2.2,1.1,2.8,,1.986,0.019,1.4,7.7,0,149,400,0,0,0,0,0,0,,,,,,,1.886,0.358,1.236,0.009,0.004,2.2,,0,,,,,,0,,,,,,,,,0,,,,,,
措没达4,2014-07-01,1雀瞒 惑摸何,64.8,28,10.6,2,4.2,11.2,1.722,0.029,2.6,8.8,0,157,800,,,,,,,,,,,,,1.683,0.05,1.36,0.011,0.006,8,,100,,,,,,,,,,,,,0,0,,,,,1.3,,
措没达4,2014-07-01,1雀瞒 吝摸何,,27,8.6,1.9,4.1,,1.55,0.02,2.2,8.2,0,155,500,,,,,,,,,,,,,1.378,0.049,1.23,0.009,0.005,6,,0,,,,,,,,,,,,,0,0,,,,,,,
措没达4,2014-07-01,1雀瞒 窍摸何,,23,4.6,1.7,3.7,,1.689,0.019,2.2,7.8,0,179,700,,,,,,,,,,,,,1.653,0,1.44,0.009,0.004,5.7,,0,,,,,,,,,,,,,0,0,,,,,,,
措没达4,2014-08-04,1雀瞒 惑摸何,64.1,27,7.1,1.7,3.6,4.6,1.425,0.028,2,7.4,0,177,300,,,,,,,,,,,,,1.312,0.082,1.06,0.019,0.013,13.3,,0,,,,,,,,,,,,,,,,,,,0.6,,
措没达4,2014-08-04,1雀瞒 吝摸何,,26,7,1.8,4,,1.336,0.03,1.9,7.4,0,177,200,,,,,,,,,,,,,1.086,0.1,0.95,0.02,0.014,12.7,,0,,,,,,,,,,,,,,,,,,,,,
措没达4,2014-08-04,1雀瞒 窍摸何,,26,6.9,1.8,3.8,,1.476,0.029,1.3,7.3,0,179,100,,,,,,,,,,,,,1.176,0.132,1.07,0.019,0.012,11.3,,0,,,,,,,,,,,,,,,,,,,,,
措没达4,2014-09-01,1雀瞒 惑摸何,73.5,24,11.7,1.6,5,38.6,2.538,0.081,3.2,8.6,0,131,500,0,0,0,0,0,0,,,,,,,2.132,0.043,1.7,0.02,0.009,14,,0,,,,,,0,0,0,0,0,0,0,,,0,0,,0,1.3,,
措没达4,2014-09-01,1雀瞒 吝摸何,,23,7.8,1.3,3.7,,2.591,0.042,2.2,7.5,0,133,400,0,0,0,0,0,0,,,,,,,2.509,0.024,2.2,0.024,0.021,3,,0,,,,,,0,0,0,0,0,0,0,,,0,0,,0,,,
措没达4,2014-09-01,1雀瞒 窍摸何,,22,6.9,1.4,4.2,,2.452,0.059,2.6,7.3,0,123,900,0,0,0,0,0,0,,,,,,,2.381,0.083,1.52,0.048,0.043,2.3,,0,,,,,,0,0,0,0,0,0,0,,,0,0,,0,,,
措没达4,2014-10-06,1雀瞒 惑摸何,72.5,22,9.1,1.3,3.3,24.2,1.604,0.029,2.2,7.5,0,171,100,,,,,,,,,,,,,1.419,0.043,1.1,0.006,0.001,2,,0,,,,,,,,,,,,,,,,,,,2,,
措没达4,2014-10-06,1雀瞒 吝摸何,,22,8.4,1.1,3.2,,1.563,0.033,2.3,7.4,0,172,400,,,,,,,,,,,,,1.42,0.024,1,0.007,0.001,1.6,,0,,,,,,,,,,,,,,,,,,,,,
措没达4,2014-10-06,1雀瞒 窍摸何,,22,8.4,1.2,3.1,,1.682,0.033,2.2,7.5,0,172,200,,,,,,,,,,,,,1.451,0.083,1.12,0.008,0.001,2,,0,,,,,,,,,,,,,,,,,,,,,
措没达4,2014-11-03,1雀瞒 惑摸何,73.7,16,9.6,1.2,3.6,17,1.523,0.029,1.9,7.3,0,171,100,,,,,,,,,,,,,1.355,0.038,1.24,0.007,0.002,2.4,,0,,,,,,,,,,,,,,,,,,,2,,
措没达4,2014-11-03,1雀瞒 吝摸何,,16,9.9,0.9,3.1,,1.658,0.022,1.9,7.5,0,167,0,,,,,,,,,,,,,1.416,0.03,1.27,0.007,0.002,2.4,,0,,,,,,,,,,,,,,,,,,,,,
措没达4,2014-11-03,1雀瞒 窍摸何,,14,10.3,0.8,2.9,,1.89,0.021,1.5,7.6,0,167,300,,,,,,,,,,,,,1.63,0.034,1.48,0.009,0.004,2,,0,,,,,,,,,,,,,,,,,,,,,
措没达4,2014-12-01,1雀瞒 惑摸何,74,12,10.1,1.7,3.2,11.4,1.522,0.015,1.9,7.6,0,156,200,0,0,0,0,0,0,,,,,,,1.29,0.021,1.27,0.006,0.002,1.2,,0,,,,,,0,,,,,,,,,0,,,,3,,
措没达4,2014-12-01,1雀瞒 吝摸何,,12,10.1,1.8,3.4,,1.607,0.016,1.9,7.6,0,158,400,0,0,0,0,0,0,,,,,,,1.331,0.022,1.31,0.006,0.001,1.6,,0,,,,,,0,,,,,,,,,0,,,,,,
措没达4,2014-12-01,1雀瞒 窍摸何,,10,10.4,1.7,3.2,,2.138,0.018,1.8,7.5,0,161,1700,0,0,0,0,0,0,,,,,,,1.801,0.05,1.75,0.008,0.002,2.8,,0,,,,,,0,,,,,,,,,0,,,,,,
措没达4,2015-01-06,1雀瞒 惑摸何,,,,,,,,,,,,,,,,,,,,,,,,,,,,,,,,,,,,,,,,,,,,,,,,,,,,,,
措没达4,2015-01-06,1雀瞒 吝摸何,,,,,,,,,,,,,,,,,,,,,,,,,,,,,,,,,,,,,,,,,,,,,,,,,,,,,,
措没达4,2015-01-06,1雀瞒 窍摸何,,,,,,,,,,,,,,,,,,,,,,,,,,,,,,,,,,,,,,,,,,,,,,,,,,,,,,
措没达4,2015-02-02,1雀瞒 惑摸何,,,,,,,,,,,,,,,,,,,,,,,,,,,,,,,,,,,,,,,,,,,,,,,,,,,,,,
措没达4,2015-02-02,1雀瞒 吝摸何,,,,,,,,,,,,,,,,,,,,,,,,,,,,,,,,,,,,,,,,,,,,,,,,,,,,,,
措没达4,2015-02-02,1雀瞒 窍摸何,,,,,,,,,,,,,,,,,,,,,,,,,,,,,,,,,,,,,,,,,,,,,,,,,,,,,,
措没达4,2015-03-04,1雀瞒 惑摸何,72,5,12.9,2.3,3.1,1.4,3.087,0.011,1.5,7.7,0,178,0,0,0,0,0,0,0,,,,,,,2.78,0.058,2.62,0.005,0.001,0.6,0,0,,,,,,0,0,0,0,0,0,0,,,0,0,,0,2.9,,0
措没达4,2015-03-04,1雀瞒 吝摸何,,5,12.6,2.4,2.6,,3.261,0.01,1.4,7.7,0,178,0,0,0,0,0,0,0,,,,,,,2.795,0.054,2.61,0.006,0,0.8,0,0,,,,,,0,0,0,0,0,0,0,,,0,0,,0,,,0
措没达4,2015-03-04,1雀瞒 窍摸何,,5,12,2.5,2.6,,3.111,0.01,1.4,7.7,0,178,0,0,0,0,0,0,0,,,,,,,2.978,0.05,2.49,0.006,0,0.4,0,0,,,,,,0,0,0,0,0,0,0,,,0,0,,0,,,0
措没达4,2015-04-02,1雀瞒 惑摸何,71.6,12,11.9,1.5,3.2,8.2,3.225,0.017,1.5,8,0,196,0,,,,,,,,,,,,,2.578,0.087,1.45,0.006,0.001,2.2,,0,,,,,,,,,,,,,,,,,,,3.1,,
措没达4,2015-04-02,1雀瞒 吝摸何,,7,10.8,1.2,3.1,,2.816,0.013,1.2,7.2,0,196,0,,,,,,,,,,,,,2.632,0.2,1.32,0.004,0.001,0.8,,0,,,,,,,,,,,,,,,,,,,,,
措没达4,2015-04-02,1雀瞒 窍摸何,,7,10,1.4,2.6,,2.645,0.013,1.1,7.2,0,195,0,,,,,,,,,,,,,2.586,0.244,1.43,0.004,0,1.2,,0,,,,,,,,,,,,,,,,,,,,,
措没达4,2015-05-06,1雀瞒 惑摸何,7.1,20,10.1,1.7,2.7,5.4,2.023,0.025,1.5,8.3,0,138,0,,,,,,,,,,,,,1.899,0.022,1.13,0.004,0.001,7.4,,0,,,,,,,,,,,,,,,,,,,1.7,,
措没达4,2015-05-06,1雀瞒 吝摸何,,13,5.4,0.8,3.1,,2.171,0.016,1.4,7.4,0,140,0,,,,,,,,,,,,,2.054,0.066,1.18,0.004,0.001,2.2,,0,,,,,,,,,,,,,,,,,,,,,
措没达4,2015-05-06,1雀瞒 窍摸何,,9,4.1,0.7,2.9,,2.277,0.014,1.2,7.5,0,160,0,,,,,,,,,,,,,2.203,0.309,1.17,0.011,0.002,1.8,,0,,,,,,,,,,,,,,,,,,,,,
措没达4,2015-06-01,1雀瞒 惑摸何,68.1,25,7.7,1.4,3.6,18.9,3.442,0.02,2.2,8.3,0,160,0,0,0,0,0,0,0,,,,,,,1.795,0.032,0.64,0.009,0.001,3.4,,0,,,,,,0,,,,,,,,,0,,,,1.4,,
措没达4,2015-06-01,1雀瞒 吝摸何,,21,2.6,0.6,3.6,,2.116,0.03,1.9,7.5,0,161,400,0,0,0,0,0,0,,,,,,,1.94,0.012,0.78,0.004,0.001,2.2,,200,,,,,,0,,,,,,,,,0,,,,,,
措没达4,2015-06-01,1雀瞒 窍摸何,,18,0.5,1,3.4,,2.37,0.044,1.8,7.7,0,155,1300,0,0,0,0,0,0,,,,,,,2.219,0.445,0.79,0.004,0.001,4.6,,1000,,,,,,0,,,,,,,,,0,,,,,,
措没达4,2015-07-02,1雀瞒 惑摸何,65.3,26,10.8,2.9,4.3,11.7,2.314,0.046,2.4,8.3,0,166,0,,,,,,,,,,,,,2.041,0.039,1.6,0.014,0.003,4.4,,0,,,,,,,,,,,,,0,0,,,,,1.2,,
措没达4,2015-07-02,1雀瞒 吝摸何,,25,11.5,2,4.7,,2.209,0.038,2.4,7.7,0,165,0,,,,,,,,,,,,,2.131,0.048,1.44,0.012,0.001,4,,0,,,,,,,,,,,,,0,0,,,,,,,
措没达4,2015-07-02,1雀瞒 窍摸何,,25,5.5,1.2,4.3,,2.374,0.031,2.4,7.6,0,164,0,,,,,,,,,,,,,2.229,0.027,1.73,0.011,0.001,4.8,,0,,,,,,,,,,,,,0,0,,,,,,,
措没达4,2015-08-05,1雀瞒 惑摸何,66.4,31,10.5,1.9,4.1,9.6,1.672,0.031,1.9,8.4,0,174,3300,,,,,,,,,,,,,1.568,0.017,0.38,0.008,0.004,1.4,,0,,,,,,,,,,,,,,,,,,,1.7,,
措没达4,2015-08-05,1雀瞒 吝摸何,,28,2.7,1.3,3.9,,1.972,0.03,1.7,7.5,0,174,9700,,,,,,,,,,,,,1.921,0.137,0.49,0.02,0.005,1.5,,0,,,,,,,,,,,,,,,,,,,,,
措没达4,2015-08-05,1雀瞒 窍摸何,,23,0.3,1.6,3.9,,2.515,0.027,1.8,7.6,0,142,3900,,,,,,,,,,,,,2.385,0.247,0.73,0.011,0.001,1.6,,0,,,,,,,,,,,,,,,,,,,,,
措没达4,2015-09-03,1雀瞒 惑摸何,65.3,26,9.3,1.5,4.4,11,1.649,0.036,1.9,8.4,0,161,400,0,0,0,0,0,0,,,,,,,1.575,0.06,0.56,0.019,0.003,2.8,0,200,,,,,,0,0,0,0,0,0,0,,,0,0,,0,1.3,,0
措没达4,2015-09-03,1雀瞒 吝摸何,,26,9.2,1.7,3.9,,1.63,0.036,1.8,8.4,0,161,400,0,0,0,0,0,0,,,,,,,1.581,0.042,0.64,0.018,0.002,3.2,0,100,,,,,,0,0,0,0,0,0,0,,,0,0,,0,,,0
措没达4,2015-09-03,1雀瞒 窍摸何,,25,6.6,1.5,3.7,,1.746,0.024,1.8,8.2,0,171,500,0,0,0,0,0,0,,,,,,,1.666,0.22,0.51,0.016,0.003,3.2,0,300,,,,,,0,0,0,0,0,0,0,,,0,0,,0,,,0
措没达4,2015-10-02,1雀瞒 惑摸何,64.6,21,8.9,1.3,3.5,5.1,1.342,0.038,1.6,8,0,173,100,,,,,,,,,,,,,1.325,0.128,0.06,0.022,0.011,3.8,,0,,,,,,,,,,,,,,,,,,,1.4,,
措没达4,2015-10-02,1雀瞒 吝摸何,,21,8.3,0.8,3.3,,1.335,0.033,1.6,8.1,0,173,100,,,,,,,,,,,,,1.218,0.132,0.01,0.014,0.01,2,,0,,,,,,,,,,,,,,,,,,,,,
措没达4,2015-10-02,1雀瞒 窍摸何,,21,8.2,0.9,3.2,,1.429,0.042,1.5,8.1,0,175,0,,,,,,,,,,,,,1.364,0.156,0.07,0.013,0.008,2.4,,0,,,,,,,,,,,,,,,,,,,,,
措没达4,2015-11-03,1雀瞒 惑摸何,64.5,13,11.2,1.9,2.8,12.8,1.65,0.019,1.4,8.1,0,182,400,,,,,,,,,,,,,1.473,0.032,0.52,0.004,0.001,1.4,,0,,,,,,,,,,,,,,,,,,,1.9,,
措没达4,2015-11-03,1雀瞒 吝摸何,,13,11.1,1.7,3.4,,1.594,0.018,1.3,8,0,182,800,,,,,,,,,,,,,1.525,0.028,0.59,0.006,0.002,1.6,,0,,,,,,,,,,,,,,,,,,,,,
措没达4,2015-11-03,1雀瞒 窍摸何,,12,11,1.5,2.7,,1.712,0.018,1.3,7.9,0,182,200,,,,,,,,,,,,,1.695,0.067,0.71,0.009,0.004,2.8,,0,,,,,,,,,,,,,,,,,,,,,
措没达4,2015-12-01,1雀瞒 惑摸何,65.5,7,11.9,1.8,2.6,1.2,3.439,0.01,1.1,7.4,0,190,0,0,0,0,0,0,0,,,,,,,2.957,0.061,0.86,0.009,0.003,1,,0,,,,,,0,,,,,,,,,0,,,,2.5,,
措没达4,2015-12-01,1雀瞒 吝摸何,,7,11.8,2.2,2.6,,3.006,0.01,1.1,7.4,0,190,0,0,0,0,0,0,0,,,,,,,3.004,0.047,1.12,0.006,0.002,1,,0,,,,,,0,,,,,,,,,0,,,,,,
措没达4,2015-12-01,1雀瞒 窍摸何,,7,11.7,2.2,2.8,,3.058,0.009,1.1,7.4,0,191,0,0,0,0,0,0,0,,,,,,,2.975,0.042,1.04,0.006,0.002,1.2,,0,,,,,,0,,,,,,,,,0,,,,,,
措没达4,2016-01-05,1雀瞒 惑摸何,66.2,3,13.9,1.2,1.9,0.7,2.489,0.007,1,7.9,0,194,0,,,,,,,,,,,,,2.404,0.021,1.35,0.003,0,1,,0,,,,,,,,,,,,,,,,,,,5.7,,
措没达4,2016-01-05,1雀瞒 吝摸何,,3,13.8,1.3,2.1,,2.5,0.007,1,7.9,0,195,0,,,,,,,,,,,,,2.415,0.011,1.3,0.005,0,1,,0,,,,,,,,,,,,,,,,,,,,,
措没达4,2016-01-05,1雀瞒 窍摸何,,3,13.7,1.3,2.2,,2.609,0.007,1,7.8,0,196,0,,,,,,,,,,,,,2.524,0.022,1.44,0.002,0,1.6,,0,,,,,,,,,,,,,,,,,,,,,
措没达4,2016-02-02,1雀瞒 惑摸何,,,,,,,,,,,,,,,,,,,,,,,,,,,,,,,,,,,,,,,,,,,,,,,,,,,,,,
措没达4,2016-02-02,1雀瞒 吝摸何,,,,,,,,,,,,,,,,,,,,,,,,,,,,,,,,,,,,,,,,,,,,,,,,,,,,,,
措没达4,2016-02-02,1雀瞒 窍摸何,,,,,,,,,,,,,,,,,,,,,,,,,,,,,,,,,,,,,,,,,,,,,,,,,,,,,,
措没达4,2016-03-02,1雀瞒 惑摸何,66,3,13.2,1.7,2.3,1.2,3.324,0.012,1.2,7.9,0,194,0,0,0,0,0,0,0,,,,,,,3.155,0.054,2.05,0.01,0.002,1.8,0,0,,,,,,0,0,0,0,0,0,0,,,0,0,,0,3.3,,0
措没达4,2016-03-02,1雀瞒 吝摸何,,3,13.1,1.8,2.6,,3.381,0.01,1.1,7.9,0,194,0,0,0,0,0,0,0,,,,,,,3.309,0.047,2.05,0.002,0.001,1.2,0,0,,,,,,0,0,0,0,0,0,0,,,0,0,,0,,,0
措没达4,2016-03-02,1雀瞒 窍摸何,,3,13,1.7,2.2,,3.354,0.01,1.1,7.9,0,195,0,0,0,0,0,0,0,,,,,,,3.29,0.053,2.03,0.004,0.001,1.6,0,0,,,,,,0,0,0,0,0,0,0,,,0,0,,0,,,0
措没达4,2016-04-05,1雀瞒 惑摸何,67.3,12,12.1,1.8,3.4,5.9,3.156,0.019,1.4,8.4,0,193,0,0,0,0,0,0,0,,,,,,,2.992,0.019,2.08,0.003,0,1.4,,0,,,,,,0,,,,,,,,,0,,,,2,,
措没达4,2016-04-05,1雀瞒 吝摸何,,10,9.4,1.5,3.4,,3.385,0.018,1.3,8,0,187,0,0,0,0,0,0,0,,,,,,,3.224,0.067,2.16,0.004,0,1.6,,0,,,,,,0,,,,,,,,,0,,,,,,
措没达4,2016-04-05,1雀瞒 窍摸何,,7,7.8,1,2.6,,3.85,0.017,1.4,7.6,0,172,0,0,0,0,0,0,0,,,,,,,3.758,0.112,2.92,0.002,0,0.6,,0,,,,,,0,,,,,,,,,0,,,,,,
措没达4,2016-05-03,1雀瞒 惑摸何,70.3,18,11.1,2.4,3.8,16.3,4.368,0.031,1.8,7.9,0,146,200,0,0,0,0,0,0,,,,,,,4.191,0.069,1.89,0.007,0.001,2,,0,,,,,,0,,,,,,,,,0,,,,1.2,,
措没达4,2016-05-03,1雀瞒 吝摸何,,15,6.7,1.8,3,,4.699,0.023,1.6,7.6,,151,300,0,0,0,0,0,0,,,,,,,4.196,0.097,1.84,0.008,0.001,1.2,,0,,,,,,0,,,,,,,,,0,,,,,,
措没达4,2016-05-03,1雀瞒 窍摸何,,11,3.6,1.7,3.2,,5.158,0.018,1.9,7.8,,173,0,0,0,0,0,0,0,,,,,,,4.308,0.152,2.05,0.007,0.002,1,,0,,,,,,0,,,,,,,,,0,,,,,,
措没达4,2016-06-01,1雀瞒 惑摸何,68.7,24,11.4,1.5,4.5,16.2,2.577,0.041,2.4,8.2,0,178,0,0,0,0,0,0,0,,,,,,,2.248,0.024,1.04,0.008,0.001,2,,0,,,,,,0,,,,,,,,,0,,,,0.9,,
措没达4,2016-06-01,1雀瞒 吝摸何,,19,0.7,2.1,3.7,,2.55,0.026,2.3,7.4,0,178,100,0,0,0,0,0,0,,,,,,,2.407,0.13,1.07,0.008,0.002,1.4,,0,,,,,,0,,,,,,,,,0,,,,,,
措没达4,2016-06-01,1雀瞒 窍摸何,,12,0.5,2.3,2.8,,2.715,0.022,1.7,7.6,0,175,0,0,0,0,0,0,0,,,,,,,2.639,0.106,1.02,0.004,0.001,1.6,,0,,,,,,0,,,,,,,,,0,,,,,,
措没达4,2016-07-05,1雀瞒 惑摸何,69,24,11.4,3.2,3.6,5.8,3.049,0.124,4,8.2,0,178,400,0,0,0,0,0,0,,,,,,,2.917,0.093,0.65,0.037,0.014,61.2,,100,,,,,,0,,,,,,,0,0,0,,,,0.6,,
措没达4,2016-07-05,1雀瞒 吝摸何,,19,0.7,3.2,4.1,,3.332,0.223,4,7.4,0,178,400,0,0,0,0,0,0,,,,,,,3.136,0.082,0.66,0.051,0.021,92,,0,,,,,,0,,,,,,,0,0,0,,,,,,
措没达4,2016-07-05,1雀瞒 窍摸何,,12,0.5,3.5,4.5,,3.494,0.239,4.2,7.6,0,175,400,0,0,0,0,0,0,,,,,,,3.344,0.113,0.78,0.064,0.033,121.6,,0,,,,,,0,,,,,,,0,0,0,,,,,,
措没达4,2016-08-02,1雀瞒 惑摸何,72.2,29,7.1,2,5.4,11.3,2.24,0.046,2.8,8.4,0,205,0,0,0,0,0,0,0,,,,,,,2.057,0.008,0.67,0.019,0.002,4,,0,,,,,,0,,,,,,,,,0,,,,1.3,,
措没达4,2016-08-02,1雀瞒 吝摸何,,23,0.5,1.4,5.1,6.5,3.17,0.036,2.5,7.6,0,184,0,0,0,0,0,0,0,,,,,,,2.988,0.106,1.1,0.013,0.004,2.8,,0,,,,,,0,,,,,,,,,0,,,,,,
措没达4,2016-08-02,1雀瞒 窍摸何,,19,0.8,1.5,5.7,1.5,2.543,0.083,3.2,7.8,0,141,0,0,0,0,0,0,0,,,,,,,2.52,0.272,0.72,0.032,0.02,4,,0,,,,,,0,,,,,,,,,0,,,,,,
措没达4,2016-09-05,1雀瞒 惑摸何,70.3,23,5.1,1.4,3.7,9.7,2.095,0.032,2.3,7.3,0,201,0,0,0,0,0,0,0,,,,,,,1.718,0.18,0.19,0.013,0.001,2.8,0,0,,,,,,0,0,0,0,0,0,0,,,0,0,,0,2.1,,0
措没达4,2016-09-05,1雀瞒 吝摸何,,22,4.7,1.1,3.5,5.5,1.835,0.031,2.2,7.3,,199,100,0,0,0,0,0,0,,,,,,,1.709,0.206,0.18,0.012,0.002,4.4,,0,,,,,,0,,,,,,,,,0,,,,,,
措没达4,2016-09-05,1雀瞒 窍摸何,,21,3.8,1.1,3.2,4.3,1.736,0.028,1.9,7.3,,192,0,0,0,0,0,0,0,,,,,,,1.651,0.159,0.17,0.01,0,3.6,,0,,,,,,0,,,,,,,,,0,,,,,,
措没达4,2016-10-04,1雀瞒 惑摸何,70.9,20,9.8,2.1,4,10.8,1.818,0.015,2.2,7.9,0,195,400,0,0,0,0,0,0,,,,,,,1.768,0.128,0.85,0.005,0.001,1.2,,0,,,,,,0,,,,,,,,,0,,,,1.5,,
措没达4,2016-10-04,1雀瞒 吝摸何,,20,8.4,1.8,3.6,3.8,2.416,0.011,2.2,7.8,0,195,0,0,0,0,0,0,0,,,,,,,2.285,0.132,1.38,0.009,0,1.2,,0,,,,,,0,,,,,,,,,0,,,,,,
措没达4,2016-10-04,1雀瞒 窍摸何,,19,7.9,2.5,3.9,1.4,2.474,0.07,2,7.6,0,189,0,0,0,0,0,0,0,,,,,,,2.345,0.156,0.93,0.04,0.035,1.6,,0,,,,,,0,,,,,,,,,0,,,,,,
措没达4,2016-11-02,1雀瞒 惑摸何,70.9,13,9.5,2.2,4.4,11.8,2.223,0.033,2.2,7.6,0,198,0,0,0,0,0,0,0,,,,,,,2.152,0.037,0.92,0.016,0.002,6,,0,,,,,,0,,,,,,,,,0,,,,1.6,,
措没达4,2016-11-02,1雀瞒 吝摸何,,13,9.2,2.3,4,12.1,2.218,0.023,2.1,7.5,0,197,0,0,0,0,0,0,0,,,,,,,2.009,0.41,0.97,0.014,0.002,4.8,,0,,,,,,0,,,,,,,,,0,,,,,,
措没达4,2016-11-02,1雀瞒 窍摸何,,13,9.2,2.3,3.7,11.9,2.26,0.022,2,7.6,0,197,0,0,0,0,0,0,0,,,,,,,2.184,0.044,1.19,0.017,0.002,4,,0,,,,,,0,,,,,,,,,0,,,,,,
措没达4,2016-12-08,1雀瞒 惑摸何,72.5,6,11.3,1.5,3.9,4.7,2.061,0.013,2.4,7.7,0,205,0,0,0,0,0,0,0,,,,,,,1.949,0.018,1.01,0.004,0,4,,0,,,,,,0,,,,,,,,,0,,,,2.7,,
措没达4,2016-12-08,1雀瞒 吝摸何,,6,11.7,1.5,3.8,2.5,2.005,0.01,2.1,7.7,0,207,0,0,0,0,0,0,0,,,,,,,1.99,0.024,1.06,0.005,0,1.6,,0,,,,,,0,,,,,,,,,0,,,,,,
措没达4,2016-12-08,1雀瞒 窍摸何,,4,12.2,1.3,3.2,2.3,2.34,0.008,1.7,7.7,0,224,0,0,0,0,0,0,0,,,,,,,2.17,0.024,1.42,0.003,0,1.6,,0,,,,,,0,,,,,,,,,0,,,,,,
措没达4,2017-01-04,1雀瞒 惑摸何,72.4,5,11.9,1.9,3.4,4.7,2.572,0.022,2.2,7.7,0,182,0,0,0,0,0,0,0,,,,,,,2.275,0.067,0.63,0.007,0.002,1.2,,0,,,,,,0,,,,,,,,,0,,,,6.5,,
措没达4,2017-01-04,1雀瞒 吝摸何,,4,12.2,2.3,3.2,2.7,2.682,0.021,1.9,7.8,0,192,0,0,0,0,0,0,0,,,,,,,2.554,0.036,0.75,0.008,0,1.2,,0,,,,,,0,,,,,,,,,0,,,,,,
措没达4,2017-01-04,1雀瞒 窍摸何,,4,12.2,2,2.5,1.5,2.798,0.009,1.6,7.8,0,198,0,0,0,0,0,0,0,,,,,,,2.591,0.034,0.89,0.003,0,2,,0,,,,,,0,,,,,,,,,0,,,,,,
措没达4,2017-02-07,1雀瞒 惑摸何,,,,,,,,,,,,,,,,,,,,,,,,,,,,,,,,,,,,,,,,,,,,,,,,,,,,,,
措没达4,2017-02-07,1雀瞒 吝摸何,,,,,,,,,,,,,,,,,,,,,,,,,,,,,,,,,,,,,,,,,,,,,,,,,,,,,,
措没达4,2017-02-07,1雀瞒 窍摸何,,,,,,,,,,,,,,,,,,,,,,,,,,,,,,,,,,,,,,,,,,,,,,,,,,,,,,
措没达4,2017-03-03,1雀瞒 惑摸何,72.1,6,12.4,3,2.9,2.2,3.147,0.012,1.7,7.8,0,198,0,0,0,0,0,0,0,,,,,,,3.083,0.035,2.4,0.01,0,0.8,0,0,,,,,,0,0,0,0,0,0,0,,,0,0,,0,1.7,,0
措没达4,2017-03-03,1雀瞒 吝摸何,,5,12.3,3.3,2.9,2.1,3.245,0.009,1.7,7.8,0,200,0,0,0,0,0,0,0,,,,,,,3.157,0.052,1.88,0.008,0.001,0.4,0,0,,,,,,0,0,0,0,0,0,0,,,0,0,,0,,,0
措没达4,2017-03-03,1雀瞒 窍摸何,,5,12.2,3.1,3.4,2.2,3.609,0.009,1.7,7.8,0,203,0,0,0,0,0,0,0,,,,,,,3.152,0.038,2.56,0.004,0.001,0.4,0,0,,,,,,0,0,0,0,0,0,0,,,0,0,,0,,,0
措没达4,2017-04-05,1雀瞒 惑摸何,71.8,12,11.3,2.3,2.8,7,3.005,0.023,2.1,8.4,0,186,0,0,0,0,0,0,0,,,,,,,2.559,0.023,1.45,0.012,0.002,1.6,,0,,,,,,0,,,,,,,,,0,,,,2,,
措没达4,2017-04-05,1雀瞒 吝摸何,,9,9,1.8,2.6,7,2.791,0.017,2,7.4,0,184,0,0,0,0,0,0,0,,,,,,,2.562,0.033,1.34,0.008,0,1.7,,0,,,,,,0,,,,,,,,,0,,,,,,
措没达4,2017-04-05,1雀瞒 窍摸何,,7,8.6,1.3,2.5,4.1,3.303,0.014,1.8,7.5,0,182,0,0,0,0,0,0,0,,,,,,,3.173,0.142,1.77,0.008,0.007,0.4,,0,,,,,,0,,,,,,,,,0,,,,,,
措没达4,2017-05-11,1雀瞒 惑摸何,71.5,19,8.7,1.7,3.8,4.3,2.288,0.028,2.1,8.2,0,157,0,,,,,,,,,,,,,2.186,0.029,1.18,0.009,0.001,0.4,,0,,,,,,,,,,,,,,,,,,,1.7,,
措没达4,2017-05-11,1雀瞒 吝摸何,,14,3.6,1.6,3,6.3,2.652,0.021,2,7.2,0,172,0,,,,,,,,,,,,,2.596,0.13,1.37,0.006,0.002,0.8,,0,,,,,,,,,,,,,,,,,,,,,
措没达4,2017-05-11,1雀瞒 窍摸何,,10,3.3,1.8,3,6,3.157,0.025,1.8,7.3,0,184,0,,,,,,,,,,,,,3.139,0.292,1.61,0.008,0.002,0.8,,0,,,,,,,,,,,,,,,,,,,,,
措没达4,2017-06-05,1雀瞒 惑摸何,69.8,24,8.5,1.6,2.4,5.7,2.935,0.023,2.6,8.2,0,168,0,0,0,0,0,0,0,,,,,,,2.906,0.009,0.27,0.018,0.003,0.8,,0,,,,,,0,,,,,,,,,0,,,,2.3,,
措没达4,2017-06-05,1雀瞒 吝摸何,,23,2.8,1.3,2.5,7.4,2.807,0.015,2.5,8.2,0,171,0,0,0,0,0,0,0,,,,,,,2.762,0.034,0.22,0.009,0,3.6,,0,,,,,,0,,,,,,,,,0,,,,,,
措没达4,2017-06-05,1雀瞒 窍摸何,,15,0.5,1.1,1.9,3.7,3.272,0.034,2,7.4,0,173,0,0,0,0,0,0,0,,,,,,,3.012,0.087,0.26,0.005,0.001,3.6,,0,,,,,,0,,,,,,,,,0,,,,,,
措没达4,2017-07-13,1雀瞒 惑摸何,70.3,29,9.3,1.8,5.3,24.6,3.149,0.059,3.7,8.4,0,168,100,,,,,,,,,,,,,2.73,0.019,0.69,0.023,0.006,4.4,,0,,,,,,,,,,,,,0,0,,,,,1.3,,
措没达4,2017-07-13,1雀瞒 吝摸何,,25,5.8,0.8,3.3,6.9,3.065,0.062,3.3,7.7,0,164,200,,,,,,,,,,,,,2.832,0.011,0.91,0.045,0.032,3.6,,0,,,,,,,,,,,,,0,0,,,,,,,
措没达4,2017-07-13,1雀瞒 窍摸何,,25,4.9,2,3.4,3.6,3.632,0.078,3.5,7.6,0,166,100,,,,,,,,,,,,,3.08,0.111,0.79,0.076,0.057,7.2,,0,,,,,,,,,,,,,0,0,,,,,,,
措没达4,2017-08-02,1雀瞒 惑摸何,72.5,28,7.5,1.2,3.9,5.3,2.205,0.038,3,8.4,0,171,0,,,,,,,,,,,,,2.032,0.008,1.13,0.034,0.009,2.4,,0,,,,,,,,,,,,,,,,,,,3.1,,
措没达4,2017-08-02,1雀瞒 吝摸何,,26,4.6,1,4,1.9,2.341,0.06,2.6,7.7,0,171,0,,,,,,,,,,,,,2.245,0.042,1.11,0.044,0.037,1.6,,0,,,,,,,,,,,,,,,,,,,,,
措没达4,2017-08-02,1雀瞒 窍摸何,,24,1,1.1,4.3,1.4,2.652,0.078,3,7.5,0,180,0,,,,,,,,,,,,,2.597,0.019,1.29,0.059,0.046,2.4,,0,,,,,,,,,,,,,,,,,,,,,
措没达4,2017-09-07,1雀瞒 惑摸何,74,25,8.9,2,3.2,18.3,2.475,0.046,3,8.8,0,159,0,0,0,0,0,0,0,,,,,,,2.176,0.005,0.77,0.035,0.001,4.4,0,0,,,,,,0,0,0,0,0,0,0,,,0,0,,0,1.4,,0
措没达4,2017-09-07,1雀瞒 吝摸何,,25,8.6,2.5,2.8,16.3,2.749,0.036,3,8.3,0,160,0,0,0,0,0,0,0,,,,,,,2.471,0.02,0.71,0.031,0.006,4.4,0,0,,,,,,0,0,0,0,0,0,0,,,0,0,,0,,,0
措没达4,2017-09-07,1雀瞒 窍摸何,,24,6.5,2,3,8,3.048,0.041,2.4,8.1,0,175,0,0,0,0,0,0,0,,,,,,,2.233,0.074,0.98,0.038,0.008,1.6,0,0,,,,,,0,0,0,0,0,0,0,,,0,0,,0,,,0
措没达4,2017-10-11,1雀瞒 惑摸何,74.8,23,8.3,1.5,3.5,9.5,2.247,0.045,3.2,8.9,0,164,0,,,,,,,,,,,,,1.982,0.082,0.6,0.025,0.001,2.4,,0,,,,,,,,,,,,,,,,,,,1.8,,
措没达4,2017-10-11,1雀瞒 吝摸何,,22,8.1,1.5,3.4,9.5,2.123,0.037,2.9,8.9,0,168,0,,,,,,,,,,,,,1.782,0.06,0.03,0.022,0.002,2.4,,0,,,,,,,,,,,,,,,,,,,,,
措没达4,2017-10-11,1雀瞒 窍摸何,,20,7.8,1.2,2.6,5.1,2.341,0.034,2.3,8.5,0,183,0,,,,,,,,,,,,,2.01,0.095,0.39,0.028,0.011,4.4,,0,,,,,,,,,,,,,,,,,,,,,
措没达4,2017-11-09,1雀瞒 惑摸何,74.1,17,9.4,1.7,4.3,7.6,2.216,0.025,2.5,8.4,0,172,0,,,,,,,,,,,,,2.018,0.003,1.02,0.009,0,2,,0,,,,,,,,,,,,,,,,,,,2.3,,
措没达4,2017-11-09,1雀瞒 吝摸何,,16,9.6,1.6,3.7,8.4,2.135,0.029,2.9,8.6,0,172,0,,,,,,,,,,,,,1.933,0.004,0.24,0.009,0,3.2,,0,,,,,,,,,,,,,,,,,,,,,
措没达4,2017-11-09,1雀瞒 窍摸何,,14,9.9,1.6,3.5,7.8,2.142,0.039,2.4,8.3,0,186,0,,,,,,,,,,,,,2.012,0.041,0.47,0.007,0,4,,0,,,,,,,,,,,,,,,,,,,,,
措没达4,2017-12-07,1雀瞒 惑摸何,73.2,8,11,1.6,1.7,6,1.966,0.01,2.6,8.4,0,178,0,0,0,0,0,0,0,,,,,,,1.812,0.017,0.16,0.011,0.003,0.8,,0,,,,,,0,,,,,,,,,0,,,,3.4,,
措没达4,2017-12-07,1雀瞒 吝摸何,,8,11,1.4,1.6,6.3,2.11,0.016,2.7,8.4,0,178,0,0,0,0,0,0,0,,,,,,,1.761,0.015,0.22,0.013,0.005,1.6,,0,,,,,,0,,,,,,,,,0,,,,,,
措没达4,2017-12-07,1雀瞒 窍摸何,,7,11.3,1.4,1.4,4.3,2.121,0.027,2.4,8.4,0,188,0,0,0,0,0,0,0,,,,,,,1.941,0.022,0.19,0.008,0.002,0.8,,0,,,,,,0,,,,,,,,,0,,,,,,
措没达4,2018-01-04,1雀瞒 惑摸何,,,,,,,,,,,,,,,,,,,,,,,,,,,,,,,,,,,,,,,,,,,,,,,,,,,,,,
措没达4,2018-01-04,1雀瞒 吝摸何,,,,,,,,,,,,,,,,,,,,,,,,,,,,,,,,,,,,,,,,,,,,,,,,,,,,,,
措没达4,2018-01-04,1雀瞒 窍摸何,,,,,,,,,,,,,,,,,,,,,,,,,,,,,,,,,,,,,,,,,,,,,,,,,,,,,,
措没达4,2018-02-06,1雀瞒 惑摸何,,,,,,,,,,,,,,,,,,,,,,,,,,,,,,,,,,,,,,,,,,,,,,,,,,,,,,
措没达4,2018-02-06,1雀瞒 吝摸何,,,,,,,,,,,,,,,,,,,,,,,,,,,,,,,,,,,,,,,,,,,,,,,,,,,,,,
措没达4,2018-02-06,1雀瞒 窍摸何,,,,,,,,,,,,,,,,,,,,,,,,,,,,,,,,,,,,,,,,,,,,,,,,,,,,,,
措没达4,2018-03-09,1雀瞒 惑摸何,71.7,7,11.8,2.1,5.2,5.6,3.846,0.032,2.6,7.6,0,221,600,0,0,0,0,0,0,,,,,,,3.573,0.017,0.16,0.013,0.004,1.2,0,0,,,,,,0,0,0,0,0,0,0,,,0,0,,0,0.9,,0
措没达4,2018-03-09,1雀瞒 吝摸何,,7,12.2,2.1,5.4,6.1,3.727,0.032,2.5,7.7,0,222,100,0,0,0,0,0,0,,,,,,,3.479,0.015,0.22,0.012,0.004,5.6,0,0,,,,,,0,0,0,0,0,0,0,,,0,0,,0,,,0
措没达4,2018-03-09,1雀瞒 窍摸何,,5,12.9,1.5,4.6,3,2.979,0.019,1.7,7.7,0,221,0,0,0,0,0,0,0,,,,,,,2.735,0.022,0.19,0.009,0.003,0.8,0,0,,,,,,0,0,0,0,0,0,0,,,0,0,,0,,,0
措没达4,2018-04-03,1雀瞒 惑摸何,73.3,14,12.5,1.9,3.3,5.9,3.02,0.018,1.8,8.5,0,172,0,,,,,,,,,,,,,2.737,0.016,1.98,0.003,0,2.8,,0,,,,,,,,,,,,,,,,,,,2.6,,
措没达4,2018-04-03,1雀瞒 吝摸何,,7,11,1.5,3.2,5,3.249,0.018,1.8,7.6,0,178,0,,,,,,,,,,,,,2.969,0.064,2.07,0.004,0,3.2,,0,,,,,,,,,,,,,,,,,,,,,
措没达4,2018-04-03,1雀瞒 窍摸何,,6,9.7,1.1,2.4,4.9,3.714,0.017,1.9,7.7,0,197,0,,,,,,,,,,,,,3.504,0.089,2.83,0.002,0,1.2,,0,,,,,,,,,,,,,,,,,,,,,
措没达4,2018-05-11,1雀瞒 惑摸何,74.4,18,10.9,1.8,4.6,4.3,2.264,0.027,2.1,8.5,0,164,0,,,,,,,,,,,,,2.162,0.03,1.19,0.008,0,1.2,,0,,,,,,,,,,,,,,,,,,,2.4,,
措没达4,2018-05-11,1雀瞒 吝摸何,,14,7.1,1.6,3.8,6.3,2.628,0.02,2,7.6,0,161,0,,,,,,,,,,,,,2.572,0.131,1.38,0.004,0.001,1.6,,0,,,,,,,,,,,,,,,,,,,,,
措没达4,2018-05-11,1雀瞒 窍摸何,,8,5.4,1.9,3.8,6,3.133,0.024,2,7.5,0,191,0,,,,,,,,,,,,,3.115,0.293,1.62,0.007,0.001,1.6,,0,,,,,,,,,,,,,,,,,,,,,
措没达4,2018-06-05,1雀瞒 惑摸何,73.1,25,8.4,2.2,4.1,8.5,2.307,0.032,2.5,8.2,0,186,0,0,0,0,0,0,0,,,,,,,1.937,0.035,0.48,0.017,0.011,4.4,,0,,,,,,0,,,,,,,,,0,,,,1.7,,
措没达4,2018-06-05,1雀瞒 吝摸何,,18,3.5,2.8,3.3,1.2,2.372,0.021,2,7.5,0,190,0,0,0,0,0,0,0,,,,,,,1.769,0.04,0.6,0.015,0.013,2,,0,,,,,,0,,,,,,,,,0,,,,,,
措没达4,2018-06-05,1雀瞒 窍摸何,,13,1,1.8,2.7,0.8,2.592,0.022,1.9,7.7,0,172,0,0,0,0,0,0,0,,,,,,,1.973,0.021,0.59,0.018,0.014,2.4,,0,,,,,,0,,,,,,,,,0,,,,,,
措没达4,2018-07-05,1雀瞒 惑摸何,72.8,21,7.8,2.5,4.7,3.2,3.065,0.074,3.6,7.4,0,108,600,,,,,,,,,,,,,2.881,0.069,0.6,0.072,0.054,6,,100,,,,,,,,,,,,,0,0,,,,,310.4,,
措没达4,2018-07-05,1雀瞒 吝摸何,,19,7.7,2.1,5,3.1,2.976,0.08,3.4,7.5,0,107,200,,,,,,,,,,,,,2.85,0.067,0.6,0.078,0.054,8.8,,100,,,,,,,,,,,,,0,0,,,,,,,
措没达4,2018-07-05,1雀瞒 窍摸何,,19,7.6,2,4.5,3.1,3.206,0.081,3.4,7.7,0,106,300,,,,,,,,,,,,,2.881,0.065,0.6,0.08,0.057,6.8,,100,,,,,,,,,,,,,0,0,,,,,,,
措没达4,2018-08-06,1雀瞒 惑摸何,71.3,31,4.2,0.9,2.8,3.8,2.85,0.023,3.1,8.8,0,176,0,,,,,,,,,,,,,2.704,0.074,0.26,0.023,0.007,2,,0,,,,,,,,,,,,,,,,,,,0.8,,
措没达4,2018-08-06,1雀瞒 吝摸何,,24,1,1.1,3.7,3.9,2.837,0.027,2,7.7,0,165,0,,,,,,,,,,,,,2.709,0.073,0.5,0.023,0.009,1.2,,0,,,,,,,,,,,,,,,,,,,,,
措没达4,2018-08-06,1雀瞒 窍摸何,,21,1.6,1.1,2.7,3.7,2.828,0.026,2.1,7.7,0,178,0,,,,,,,,,,,,,2.706,0.074,0.25,0.019,0.007,0.8,,0,,,,,,,,,,,,,,,,,,,,,
措没达4,2018-09-04,1雀瞒 惑摸何,75.5,21,13,1.5,2.6,3.7,2.995,0.105,2.9,8.7,0,116,500,0,0,0,0,0,0,,,,,,,2.614,0.087,0.61,0.075,0.038,2.4,0,100,,,,,,0,0,,0,0,0,0,,,0,0,,0,0.9,,
措没达4,2018-09-04,1雀瞒 吝摸何,,21,12.3,1.6,3.5,4.1,2.807,0.105,2.9,7.8,0,115,300,0,0,0,0,0,0,,,,,,,2.592,0.091,0.67,0.076,0.064,4.4,0,100,,,,,,0,0,,0,0,0,0,,,0,0,,0,,,
措没达4,2018-09-04,1雀瞒 窍摸何,,21,12.1,1.6,3.7,3.4,3.105,0.091,2.9,7.4,0,115,500,0,0,0,0,0,0,,,,,,,2.815,0.081,0.23,0.075,0.064,3.2,0,200,,,,,,0,0,,0,0,0,0,,,0,0,,0,,,
措没达4,2018-10-11,1雀瞒 惑摸何,75.07,18.3,14.6,1.4,2.5,2.3,2.253,0.046,2.9,7.4,0,159,0,,,,,,,,,,,,,2.182,0.001,1.301,0.036,0.001,1.2,,0,,,,,,,,,,,,,,,,,,,0.9,,
措没达4,2018-10-11,1雀瞒 吝摸何,,16.9,14.2,0.9,2.2,3.5,2.479,0.037,2.8,7.3,,117,400,,,,,,,,,,,,,2.092,0.001,1.082,0.032,0.005,1.6,,200,,,,,,,,,,,,,,,,,,,,,
措没达4,2018-10-11,1雀瞒 窍摸何,,16.4,13.7,1.5,2.3,3,2.454,0.042,3.1,7.4,,93,400,,,,,,,,,,,,,2.367,0.011,0.606,0.038,0.019,0.4,,100,,,,,,,,,,,,,,,,,,,,,
措没达4,2018-11-09,1雀瞒 惑摸何,75.81,15.1,16,0.9,2.3,1.3,2.108,0.023,2.6,7.7,0,150,0,,,,,,,,,,,,,2.063,0.027,0.506,0.009,0.001,2,,0,,,,,,,,,,,,,,,,,,,2.1,,
措没达4,2018-11-09,1雀瞒 吝摸何,,15,16.3,0.8,2.5,2.9,2.236,0.061,2.7,7.7,,151,0,,,,,,,,,,,,,2.037,0.029,0.756,0.044,0,1.6,,0,,,,,,,,,,,,,,,,,,,,,
措没达4,2018-11-09,1雀瞒 窍摸何,,11.4,17.2,0.9,1.9,2.3,2.293,0.021,2.2,7.6,,194,0,,,,,,,,,,,,,2.048,0.018,0.463,0.018,0,2.4,,0,,,,,,,,,,,,,,,,,,,,,
措没达4,2018-12-04,1雀瞒 惑摸何,75.79,11.4,17.5,1,2.1,1.1,2.15,0.03,2.5,7.5,0,151,0,0,0,0,0,0,0,,,,,,,2.016,0.017,0.6,0.027,0.006,0.4,,0,,,,,,0,,,,,,,,,0,,,,2,,
措没达4,2018-12-04,1雀瞒 吝摸何,,10.2,17.8,1.1,2.2,2.4,2.04,0.063,2.4,7.4,,155,0,0,0,0,0,0,0,,,,,,,1.937,0.01,1,0.037,0.004,0.8,,0,,,,,,0,,,,,,,,,0,,,,,,
措没达4,2018-12-04,1雀瞒 窍摸何,,7.1,18.9,1.1,2,1.2,2.282,0.042,1.9,7.5,,182,100,0,0,0,0,0,0,,,,,,,2.068,0.016,1.1,0.032,0.001,0.4,,0,,,,,,0,,,,,,,,,0,,,,,,
措没达4,2019-01-03,1雀瞒 惑摸何,75.56,3.6,18.1,1.4,2.3,2.2,2.038,0.021,2.1,7.3,0,162,0,,,,,,,,,,,,,1.763,0.014,0.9,0.02,0.001,1.2,,0,,,,,,,,,,,,,,,,,,,4,,
措没达4,2019-01-03,1雀瞒 吝摸何,,3.6,17,1.4,2.3,2.7,2.176,0.028,2.2,7.3,,162,0,,,,,,,,,,,,,1.839,0.012,1,0.024,0.002,1.2,,0,,,,,,,,,,,,,,,,,,,,,
措没达4,2019-01-03,1雀瞒 窍摸何,,3.5,16.5,1.5,2.1,2.3,2.205,0.024,2.2,7.3,,164,0,,,,,,,,,,,,,1.769,0.014,0.9,0.014,0.001,1.2,,0,,,,,,,,,,,,,,,,,,,,,
措没达4,2019-02-08,1雀瞒 惑摸何,74.93,1.6,16,0.8,2.4,2.9,2.779,0.046,2,6.7,0,202,0,,,,,,,,,,,,,2.093,0.045,0.9,0.04,0.006,1.2,,0,,,,,,,,,,,,,,,,,,,4.9,,
措没达4,2019-02-08,1雀瞒 吝摸何,,1.9,15.9,1.1,2.6,3.6,2.905,0.023,1.9,6.7,,203,0,,,,,,,,,,,,,2.431,0.045,1.4,0.023,0.004,1.2,,0,,,,,,,,,,,,,,,,,,,,,
措没达4,2019-02-08,1雀瞒 窍摸何,,2,15.8,1,2,3.7,2.842,0.032,1.8,6.7,,204,0,,,,,,,,,,,,,2.58,0.041,1.1,0.019,0.002,1.6,,0,,,,,,,,,,,,,,,,,,,,,
措没达4,2019-03-05,1雀瞒 惑摸何,74.6,5.1,15.7,2.6,3.6,3.4,2.833,0.038,1.6,5.8,0,195,0,0,0,0,0,0,0,,,,,,,2.094,0.023,0.8,0.027,0.005,3.6,0,0,,,,,,0,0,0,0,0,0,0,,,0,0,,0,1.5,,0
措没达4,2019-03-05,1雀瞒 吝摸何,,3.4,14.9,1.8,3,2,2.61,0.013,1.2,5.4,0,204,0,0,0,0,0,0,0,,,,,,,1.875,0.015,1.1,0.011,0.004,1.2,0,0,,,,,,0,0,0,0,0,0,0,,,0,0,,0,,,0
措没达4,2019-03-05,1雀瞒 窍摸何,,2.9,14.6,1.7,2.8,1.2,2.626,0.011,1.1,5.2,0,204,0,0,0,0,0,0,0,,,,,,,2.226,0.014,1.1,0.009,0.001,1.2,0,0,,,,,,0,0,0,0,0,0,0,,,0,0,,0,,,0
措没达4,2019-04-04,1雀瞒 惑摸何,74.15,8.6,13.1,1.9,3,2.7,2.279,0.024,2,6.9,0,200,0,,,,,,,,,,,,,1.816,0.01,1.4,0.021,0.001,2.4,,0,,,,,,,,,,,,,,,,,,,2.4,,
措没达4,2019-04-04,1雀瞒 吝摸何,,8.2,12.4,1.7,2.9,4,2.281,0.023,1.9,6.9,0,202,0,,,,,,,,,,,,,1.728,0.011,1.4,0.012,0.001,2.8,,0,,,,,,,,,,,,,,,,,,,,,
措没达4,2019-04-04,1雀瞒 窍摸何,,7.4,11.9,1.4,2.8,1.9,2.304,0.027,1.9,6.8,0,203,0,,,,,,,,,,,,,1.5,0.011,1.4,0.011,0.004,1.6,,0,,,,,,,,,,,,,,,,,,,,,
措没达4,2019-05-03,1雀瞒 惑摸何,74.57,16.1,10.5,1.4,2.8,2.7,2.355,0.012,1.8,7,0,171,0,,,,,,,,,,,,,1.857,0.007,1.2,0.012,0.005,2,,0,,,,,,,,,,,,,,,,,,,2.6,,
措没达4,2019-05-03,1雀瞒 吝摸何,,11.7,7,1.7,3.2,4,2.726,0.022,1.8,6.4,0,177,0,,,,,,,,,,,,,2.29,0.008,1.2,0.017,0.006,2.8,,0,,,,,,,,,,,,,,,,,,,,,
措没达4,2019-05-03,1雀瞒 窍摸何,,7.3,7.8,1.4,2.9,2.7,2.765,0.011,1.8,6.2,0,198,0,,,,,,,,,,,,,2.42,0.007,1.2,0.01,0.007,1.6,,0,,,,,,,,,,,,,,,,,,,,,
措没达4,2019-06-03,1雀瞒 惑摸何,72.62,21.3,8.7,1.4,2.9,2.7,1.688,0.033,2.5,7.6,0.002,167,100,0,0,0,0,0,0,,,,,,,1.485,0.013,1.1,0.027,0.006,1.6,,0,,,,,,0,,,,,,,,,0,,,,1.8,,
措没达4,2019-06-03,1雀瞒 吝摸何,,16.1,2.1,1.7,3.2,4,1.659,0.008,2.3,6.9,0.001,170,0,0,0,0,0,0,0,,,,,,,1.368,0.021,1.1,0.002,0,2.8,,0,,,,,,0,,,,,,,,,0,,,,,,
措没达4,2019-06-03,1雀瞒 窍摸何,,7.6,3.2,1.7,3.5,2.7,2.193,0.01,1.9,6.6,0.001,202,0,0,0,0,0,0,0,,,,,,,1.784,0.049,1.1,0.003,0.001,0.4,,0,,,,,,0,,,,,,,,,0,,,,,,
措没达4,2019-07-04,1雀瞒 惑摸何,70.86,25.1,7.5,1.3,2.6,3,1.933,0.028,2.8,7.8,0,193,200,,,,,,,,,,,,,1.36,0.002,1,0.026,0.003,2.4,,0,,,,,,,,,,,,,0,0,,,,,1.2,,
措没达4,2019-07-04,1雀瞒 吝摸何,,23.7,2.2,1.4,2.6,3.6,1.869,0.013,2.3,7.3,0.001,196,0,,,,,,,,,,,,,1.215,0.021,1,0.011,0.007,2.5,,0,,,,,,,,,,,,,0,0,,,,,,,
措没达4,2019-07-04,1雀瞒 窍摸何,,17.4,1.1,1.4,2.8,3.5,1.524,0.018,2.2,7.1,0.002,199,0,,,,,,,,,,,,,1.503,0.082,1.1,0.006,0.005,2,,0,,,,,,,,,,,,,0,0,,,,,,,
措没达4,2019-08-01,1雀瞒 惑摸何,72.95,27.2,8.9,1.6,3.2,4,2.155,0.03,2.6,7.3,0.001,168,200,,,,,,,,,,,,,1.756,0.022,0.9,0.023,0.002,1.6,,0,,,,,,,,,,,,,,,,,,,2.5,,
措没达4,2019-08-01,1雀瞒 吝摸何,,22.7,6.1,0.9,1.8,4.5,3.024,0.029,2.4,6.9,0.001,160,500,,,,,,,,,,,,,2.668,0.018,0.9,0.026,0.003,0.8,,100,,,,,,,,,,,,,,,,,,,,,
措没达4,2019-08-01,1雀瞒 窍摸何,,19.8,5.1,1.1,2.3,3.7,2.927,0.027,3,6.7,0,119,200,,,,,,,,,,,,,2.835,0.026,0.9,0.003,0.002,2.4,,0,,,,,,,,,,,,,,,,,,,,,
措没达4,2019-09-04,1雀瞒 惑摸何,72.28,24.2,10.5,1.1,2.2,4,1.602,0.027,2.7,7.8,0.003,170,100,0,0,0,0,0,0,,,,,,,1.266,0.027,0.8,0.014,0.004,0.8,0,0,,,,,,0,0,0,0,0,0,0,,,0,0,,0,1.5,,0
措没达4,2019-09-04,1雀瞒 吝摸何,,24.1,8.9,0.8,2,4.5,2.485,0.024,2.7,7.6,0,170,300,0,0,0,0,0,0,,,,,,,2.181,0.026,0.8,0.013,0.003,2,0,100,,,,,,0.01,0,0,0,0,0,0,,,0,0,,0,,,0
措没达4,2019-09-04,1雀瞒 窍摸何,,22.2,2.6,0.9,2.1,3.2,2.196,0.024,2.2,6.9,0,181,0,0,0,0,0,0,0,,,,,,,1.808,0.053,0.9,0.017,0.003,1.2,0,0,,,,,,0,0,0,0,0,0,0,,,0,0,,0,,,0
措没达4,2019-10-02,1雀瞒 惑摸何,75.47,21.4,8.5,1.7,2.5,4,1.779,0.018,2.5,7.4,0,169,200,,,,,,,,,,,,,1.352,0.155,1,0.011,0.004,2,,100,,,,,,,,,,,,,,,,,,,1.7,,
措没达4,2019-10-02,1雀瞒 吝摸何,,20.1,8.8,1.9,3,4.5,1.698,0.018,2.5,7.3,0,163,100,,,,,,,,,,,,,1.235,0.055,1,0.011,0.006,2.4,,0,,,,,,,,,,,,,,,,,,,,,
措没达4,2019-10-02,1雀瞒 窍摸何,,17.5,8.2,1,1.8,3,2.76,0.032,2.4,7.2,0,148,100,,,,,,,,,,,,,2.083,0.11,1.4,0.03,0.011,1.6,,0,,,,,,,,,,,,,,,,,,,,,
措没达4,2019-11-05,1雀瞒 惑摸何,75.74,15.5,10.3,0.7,1.4,1.9,2.332,0.017,2.5,8.5,0,159,100,,,,,,,,,,,,,1.811,0.013,1.1,0.015,0.008,1.2,,0,,,,,,,,,,,,,,,,,,,1.7,,
措没达4,2019-11-05,1雀瞒 吝摸何,,15.5,10.2,0.9,1.9,2.1,2.007,0.01,2.5,8.5,0,159,100,,,,,,,,,,,,,1.619,0.013,1.3,0.007,0.005,1.2,,0,,,,,,,,,,,,,,,,,,,,,
措没达4,2019-11-05,1雀瞒 窍摸何,,14.1,10,0.8,1.6,2,2.078,0.011,2.2,8.6,0,178,200,,,,,,,,,,,,,1.598,0.016,1.1,0.01,0.002,2,,0,,,,,,,,,,,,,,,,,,,,,
措没达4,2019-12-04,1雀瞒 惑摸何,75.48,9.2,10.6,1.4,2.6,2,1.772,0.036,2.2,7.3,0,166,0,0,0,0,0,0,0,,,,,,,1.483,0.009,1.1,0.023,0.003,0.8,,0,,,,,,0,,,,,,,,,0,,,,2.4,,
措没达4,2019-12-04,1雀瞒 吝摸何,,9.1,10.6,1.3,2.3,2,1.845,0.031,2.1,7.3,0,166,0,0,0,0,0,0,0,,,,,,,1.467,0.01,1.1,0.024,0.003,1.6,,0,,,,,,0,,,,,,,,,0,,,,,,
措没达4,2019-12-04,1雀瞒 窍摸何,,7.5,10.8,1.2,2.5,1.9,2.025,0.036,2.1,7.2,0,185,0,0,0,0,0,0,0,,,,,,,1.542,0.012,1.1,0.025,0.009,1.6,,0,,,,,,0,,,,,,,,,0,,,,,,
措没达4,2020-01-02,1雀瞒 惑摸何,74.91,4.1,12.1,0.9,1.8,1.8,1.696,0.008,2.3,7.4,0,171,100,,,,,,,,,,,,,1.469,0.049,1,0.007,0.005,0.8,,0,,,,,,,,,,,,,,,,,,,3.1,,
措没达4,2020-01-02,1雀瞒 吝摸何,,3.9,12,1.1,2.2,2.1,1.781,0.009,2.3,7.4,0,172,200,,,,,,,,,,,,,1.485,0.05,1,0.008,0.003,1.2,,100,,,,,,,,,,,,,,,,,,,,,
措没达4,2020-01-02,1雀瞒 窍摸何,,3.2,11.9,1,2.2,1.8,1.99,0.011,2.2,7.4,0,181,0,,,,,,,,,,,,,1.677,0.044,1,0.01,0.004,1.2,,0,,,,,,,,,,,,,,,,,,,,,
措没达4,2020-02-04,1雀瞒 惑摸何,75.67,2.6,13.6,1.4,2.7,2,2.276,0.011,2.4,7.4,0,174,0,,,,,,,,,,,,,1.796,0.021,1.1,0.011,0.005,1.2,,0,,,,,,,,,,,,,,,,,,,2.4,,
措没达4,2020-02-04,1雀瞒 吝摸何,,1.8,13.7,1.3,2.3,2.1,2.526,0.015,2.1,7.4,0,173,100,,,,,,,,,,,,,2.125,0.022,1.3,0.014,0.011,2,,0,,,,,,,,,,,,,,,,,,,,,
措没达4,2020-02-04,1雀瞒 窍摸何,,1.3,13.7,1.5,2.9,2,2.917,0.017,2,7.4,0,173,0,,,,,,,,,,,,,2.307,0.022,1.3,0.016,0.009,1.6,,0,,,,,,,,,,,,,,,,,,,,,
措没达4,2020-03-03,1雀瞒 惑摸何,76.02,4.1,12.7,1.2,2.3,2,3.093,0.036,2.5,7.3,0,158,200,0,0,0,0,0,0,,,,,,,2.757,0.024,1.5,0.015,0.009,2,0,0,,,,,,0,0,0,0,0,0,0,,,0,0,,0,0.7,,0
措没达4,2020-03-03,1雀瞒 吝摸何,,4,12.8,1,2.1,2.2,3.126,0.035,2.5,7.4,0,160,100,0,0,0,0,0,0,,,,,,,2.867,0.025,1.7,0.016,0.013,2.4,0,0,,,,,,0,0,0,0,0,0,0,,,0,0,,0,,,0
措没达4,2020-03-03,1雀瞒 窍摸何,,3,12.9,1,1.9,2,3.083,0.035,2.1,7.6,0,187,0,0,0,0,0,0,0,,,,,,,2.669,0.021,1.7,0.017,0.009,1.6,0,0,,,,,,0,0,0,0,0,0,0,,,0,0,,0,,,0
措没达4,2020-04-02,1雀瞒 惑摸何,74.27,9.6,12.2,1.3,2.6,2,2.404,0.015,1.7,8.8,0,170,0,,,,,,,,,,,,,2.178,0.01,1.1,0.013,0.005,1.2,,0,,,,,,,,,,,,,,,,,,,2.1,,
措没达4,2020-04-02,1雀瞒 吝摸何,,5.9,10.1,1.1,2.2,2,2.541,0.02,1.6,7.7,0,173,200,,,,,,,,,,,,,1.983,0.012,1.3,0.014,0.004,2,,0,,,,,,,,,,,,,,,,,,,,,
措没达4,2020-04-02,1雀瞒 窍摸何,,4.7,10.5,1,2,1.9,2.847,0.022,1.6,7.9,0,163,100,,,,,,,,,,,,,2.417,0.013,1.3,0.014,0.003,1.6,,0,,,,,,,,,,,,,,,,,,,,,
措没达4,2020-05-07,1雀瞒 惑摸何,73.12,15.6,8.3,1.3,2.5,1.8,2.162,0.019,2,8.6,0,163,100,,,,,,,,,,,,,1.883,0.017,1.2,0.013,0.004,2,,0,,,,,,,,,,,,,,,,,,,1.9,,
措没达4,2020-05-07,1雀瞒 吝摸何,,9.4,6.6,1.3,2.6,1.6,1.864,0.014,1.7,7.4,0,169,100,,,,,,,,,,,,,1.618,0.016,1.2,0.013,0.003,1.6,,0,,,,,,,,,,,,,,,,,,,,,
措没达4,2020-05-07,1雀瞒 窍摸何,,7,5.3,0.8,1.6,1.7,2.089,0.017,1.7,7.4,0,171,0,,,,,,,,,,,,,2.062,0.02,1.2,0.015,0.003,1.2,,0,,,,,,,,,,,,,,,,,,,,,
措没达4,2020-06-03,1雀瞒 惑摸何,72.45,19.6,7.4,1.2,2.4,2,1.793,0.011,2.5,8.8,0,174,100,0,0,0,0,0,0,,,,,,,1.437,0.012,1,0.008,0.003,1.6,,0,,,,,,0,,,,,,,,,0,,,,2.2,,
措没达4,2020-06-03,1雀瞒 吝摸何,,16.1,1.8,1.1,2.2,2,1.779,0.015,2.3,7.3,0,176,100,0,0,0,0,0,0,,,,,,,1.512,0.012,0.9,0.007,0.005,1.2,,0,,,,,,0,,,,,,,,,0,,,,,,
措没达4,2020-06-03,1雀瞒 窍摸何,,7.4,2.8,1.1,2.2,1.9,2.068,0.012,1.9,7.3,0,178,0,0,0,0,0,0,0,,,,,,,1.78,0.01,0.9,0.011,0.003,1.2,,0,,,,,,0,,,,,,,,,0,,,,,,
措没达4,2020-07-02,1雀瞒 惑摸何,73.12,21.1,8.5,1.3,2.5,2.1,1.999,0.018,2.6,8.3,0,167,300,,,,,,,,,,,,,1.632,0.016,1,0.011,0.003,2.4,,100,,,,,,,,,,,,,0,0,,,,,2.3,,
措没达4,2020-07-02,1雀瞒 吝摸何,,20.6,4.8,1.3,2.4,1.7,2.188,0.026,2.4,7.6,0,165,200,,,,,,,,,,,,,1.798,0.018,1,0.021,0.007,1.6,,100,,,,,,,,,,,,,0,0,,,,,,,
措没达4,2020-07-02,1雀瞒 窍摸何,,16.5,1.3,1,1.9,2.1,2.923,0.026,3.3,7.5,0,128,200,,,,,,,,,,,,,2.17,0.014,1.3,0.02,0.006,1.6,,0,,,,,,,,,,,,,0,0,,,,,,,
措没达4,2020-08-24,1雀瞒 惑摸何,73.34,24.8,8.1,1,1.5,3.5,1.995,0.013,2.5,8.4,0,151,300,,,,,,,,,,,,,1.749,0.042,1.3,0.01,0.004,2.4,,100,,,,,,,,,,,,,,,,,,,1.1,,
措没达4,2020-08-24,1雀瞒 吝摸何,,17,4.8,1.4,2.2,4,2.016,0.015,2.2,7.3,0,101,200,,,,,,,,,,,,,1.782,0.043,1.1,0.011,0.005,2,,100,,,,,,,,,,,,,,,,,,,,,
措没达4,2020-08-24,1雀瞒 窍摸何,,16,3.5,1.5,2.5,3.9,2.209,0.014,2.3,7.4,0,111,200,,,,,,,,,,,,,1.848,0.044,1.1,0.011,0.008,1.6,,0,,,,,,,,,,,,,,,,,,,,,
措没达4,2020-09-09,1雀瞒 惑摸何,72.33,15.5,9.8,1.1,1.6,2.1,2.347,0.017,2.4,7.5,0,82,200,0,0,0,0,0,0,,,,,,,1.873,0.02,1.3,0.013,0.006,1.6,0,100,,,,,,0,0,0,0,0,0.0005,0,,,0,0,,0,0.3,,0
措没达4,2020-09-09,1雀瞒 吝摸何,,15.5,9.7,1.2,2.3,3,2.271,0.024,2.3,7.6,0,82,100,0,0,0,0,0,0,,,,,,,2.016,0.025,1.3,0.012,0.01,2,0,0,,,,,,0,0,0,0,0,0.0004,0,,,0,0,,0,,,0
措没达4,2020-09-09,1雀瞒 窍摸何,,15.5,9.7,1.2,2.4,2.5,1.883,0.012,2.3,7.8,0,83,0,0,0,0,0,0,0,,,,,,,1.62,0.02,1.1,0.011,0.007,1.2,0,0,,,,,,0,0,0,0,0,0.0013,0,,,0,0,,0,,,0
措没达4,2020-10-06,1雀瞒 惑摸何,73.8,16.9,10.9,1.3,2.6,3.1,1.805,0.018,2.1,9.2,0,138,200,,,,,,,,,,,,,1.724,0.032,1.1,0.013,0.008,1.6,,100,,,,,,,,,,,,,,,,,,,1.1,,
措没达4,2020-10-06,1雀瞒 吝摸何,,16.9,9.9,1.2,2.4,3.2,2.395,0.025,2,9,0,138,200,,,,,,,,,,,,,1.979,0.04,1.2,0.021,0.006,2,,100,,,,,,,,,,,,,,,,,,,,,
措没达4,2020-10-06,1雀瞒 窍摸何,,16.5,7.4,1.3,2.5,3.7,2.088,0.019,1.7,8.5,0,159,100,,,,,,,,,,,,,1.804,0.034,1,0.016,0.008,1.6,,0,,,,,,,,,,,,,,,,,,,,,
措没达4,2020-11-05,1雀瞒 惑摸何,73.23,10.9,10.9,1,1.9,1,2.436,0.024,2,7.9,0,147,100,,,,,,,,,,,,,2.402,0.032,1.1,0.019,0.013,1.2,,0,,,,,,,,,,,,,,,,,,,1.8,,
措没达4,2020-11-05,1雀瞒 吝摸何,,10.8,10.9,1.1,2.2,1,2.538,0.02,1.9,7.8,0,147,100,,,,,,,,,,,,,2.456,0.04,1,0.011,0.009,1.6,,0,,,,,,,,,,,,,,,,,,,,,
措没达4,2020-11-05,1雀瞒 窍摸何,,10.3,10.9,1.3,2.4,1.3,2.467,0.026,2.1,7.9,0,157,0,,,,,,,,,,,,,2.406,0.036,1,0.016,0.01,1.2,,0,,,,,,,,,,,,,,,,,,,,,
措没达4,2020-12-01,1雀瞒 惑摸何,72.82,6.3,11.2,1.5,2.4,2.9,1.989,0.026,1.9,7.6,0,149,0,0,0,0,0,0,0.000016,,,,,,,1.127,0.077,1,0.002,0.001,1.6,,0,,,,,,0,,,,,,,,,0,,,,1.9,,
措没达4,2020-12-01,1雀瞒 吝摸何,,6.2,11.1,1.4,2.5,2.9,1.836,0.022,1.8,7.7,0,149,0,0,0,0,0,0,0.000015,,,,,,,1.216,0.084,0.9,0.005,0.003,2,,0,,,,,,0,,,,,,,,,0,,,,,,
措没达4,2020-12-01,1雀瞒 窍摸何,,6,11.3,2,2.5,3,1.791,0.014,1.8,7.7,0,151,0,0,0,0,0,0,0.000016,,,,,,,1.219,0.112,0.8,0.001,0,3.6,,0,,,,,,0,,,,,,,,,0,,,,,,
措没达4,2021-01-07,1雀瞒 惑摸何,71.83,,,,,,,,,,,,,,,,,,,,,,,,,,,,,,,,,,,,,,,,,,,,,,,,,,,,,
措没达4,2021-01-07,1雀瞒 吝摸何,,,,,,,,,,,,,,,,,,,,,,,,,,,,,,,,,,,,,,,,,,,,,,,,,,,,,,
措没达4,2021-01-07,1雀瞒 窍摸何,,,,,,,,,,,,,,,,,,,,,,,,,,,,,,,,,,,,,,,,,,,,,,,,,,,,,,
措没达4,2021-02-05,1雀瞒 惑摸何,,,,,,,,,,,,,,,,,,,,,,,,,,,,,,,,,,,,,,,,,,,,,,,,,,,,,,
措没达4,2021-02-05,1雀瞒 吝摸何,,,,,,,,,,,,,,,,,,,,,,,,,,,,,,,,,,,,,,,,,,,,,,,,,,,,,,
措没达4,2021-02-05,1雀瞒 窍摸何,,,,,,,,,,,,,,,,,,,,,,,,,,,,,,,,,,,,,,,,,,,,,,,,,,,,,,
措没达4,2021-03-04,1雀瞒 惑摸何,70.75,7,13.1,2,2.1,2,2.05,0.021,2.1,7.9,0,181,0,0,0,0.01,0,0.03,0,,,,,,,1.698,0.017,1.1,0.006,0.003,1.6,0,0,,,,,,0,0,0,0,0,0,0,,,0,0,,0,2.5,,0
措没达4,2021-03-04,1雀瞒 吝摸何,,5.9,12.8,1.9,2,1.8,1.955,0.016,1.7,7.3,0,181,0,0,0,0,0,0,0,,,,,,,1.734,0.026,1.1,0.008,0.002,2,0,0,,,,,,0,0,0,0,0,0,0,,,0,0,,0,,,0
措没达4,2021-03-04,1雀瞒 窍摸何,,5.6,12.5,2,2.3,1.8,2.174,0.025,1.7,7.2,0,183,0,0,0,0,0,0,0,,,,,,,1.836,0.024,1.2,0.006,0.001,3.2,0,0,,,,,,0,0,0,0,0,0,0,,,0,0,,0,,,0
措没达4,2021-04-05,1雀瞒 惑摸何,70.91,8.7,11.9,1.6,2.7,2,2.351,0.012,1.6,7.9,0,166,0,,,,,,,,,,,,,2.03,0.022,1.2,0.009,0.001,1.2,,0,,,,,,,,,,,,,,,,,,,1.8,,
措没达4,2021-04-05,1雀瞒 吝摸何,,7.7,9.6,1.2,2.6,1.4,2.218,0.016,1.8,7.3,0,168,0,,,,,,,,,,,,,1.899,0.021,1.2,0.009,0.001,0.4,,0,,,,,,,,,,,,,,,,,,,,,
措没达4,2021-04-05,1雀瞒 窍摸何,,3.3,8.7,1.2,2.6,1.2,2.467,0.012,1.6,7.2,0,187,0,,,,,,,,,,,,,1.708,0.021,1.2,0.008,0.001,1.6,,0,,,,,,,,,,,,,,,,,,,,,
措没达4,2021-05-06,1雀瞒 惑摸何,70.46,17.9,8.7,2.8,3.6,2.1,2.575,0.013,1.9,8.3,0,137,0,,,,,,,,,,,,,1.59,0.013,0.9,0.009,0.003,2.8,,0,,,,,,,,,,,,,,,,,,,1.6,,
措没达4,2021-05-06,1雀瞒 吝摸何,,17.2,7.1,1.1,2.9,1.5,2.555,0.012,1.6,7.7,0,137,0,,,,,,,,,,,,,1.555,0.015,1.1,0.01,0.003,4.8,,0,,,,,,,,,,,,,,,,,,,,,
措没达4,2021-05-06,1雀瞒 窍摸何,,12.6,3.8,1,3,1.3,2.539,0.015,1.7,7.5,0,148,0,,,,,,,,,,,,,1.458,0.017,1,0.008,0.002,2.8,,0,,,,,,,,,,,,,,,,,,,,,
措没达4,2021-06-08,1雀瞒 惑摸何,70.62,25,10.3,2.5,4.2,2.4,2.049,0.016,2.2,9.5,0,138,0,0,0,0,0,0,0,,,,,,,1.71,0.012,1,0.006,0.003,4.8,,0,,,,,,0,,,,,,,,,0,,,,1.3,,
措没达4,2021-06-08,1雀瞒 吝摸何,,21.4,5.3,1.5,3.2,0.6,2.071,0.017,1.9,7.5,0,139,300,0,0,0,0,0,0,,,,,,,1.841,0.015,1.2,0.014,0.008,1.2,,0,,,,,,0,,,,,,,,,0,,,,,,
措没达4,2021-06-08,1雀瞒 窍摸何,,17.6,2.5,1.7,2.2,0.4,2.064,0.015,1.7,7.4,0,145,0,0,0,0,0,0,0,,,,,,,1.866,0.02,1,0.01,0.006,0.8,,0,,,,,,0,,,,,,,,,0,,,,,,
措没达4,2021-07-06,1雀瞒 惑摸何,68.78,26.3,5.3,1.7,2.6,2,2.99,0.01,2.1,7.7,0,145,0,,,,,,,,,,,,,2.091,0.041,0.5,0.008,0.009,13.6,,0,,,,,,,,,,,,,0,0,,,,,1.6,,
措没达4,2021-07-06,1雀瞒 吝摸何,,25.5,1.2,2.5,3.6,1.2,2.329,0.011,1.9,7.3,0,147,0,,,,,,,,,,,,,2.054,0.044,0.5,0.007,0.01,5.2,,0,,,,,,,,,,,,,0,0,,,,,,,
措没达4,2021-07-06,1雀瞒 窍摸何,,15.8,0.7,1.1,3.7,0.7,2.458,0.01,1.8,7.1,0,160,0,,,,,,,,,,,,,2.341,0.037,0.9,0.007,0.008,3.6,,0,,,,,,,,,,,,,0,0,,,,,,,
措没达4,2021-08-11,1雀瞒 惑摸何,71.07,30.3,6.6,1.9,3.4,1.7,2.528,0.01,2.7,8.7,0,105,0,,,,,,,,,,,,,1.684,0.045,0.8,0.009,0.006,2,,0,,,,,,,,,,,,,,,,,,,1.5,,
措没达4,2021-08-11,1雀瞒 吝摸何,,28.2,2.2,1.2,3.5,0.8,2.247,0.013,2.5,7.6,0,104,100,,,,,,,,,,,,,1.877,0.024,1,0.01,0.005,2,,0,,,,,,,,,,,,,,,,,,,,,
措没达4,2021-08-11,1雀瞒 窍摸何,,21.6,1.8,2,3.7,0.6,2.35,0.011,2.7,7.7,0,120,200,,,,,,,,,,,,,1.695,0.049,1.1,0.009,0.005,4.4,,0,,,,,,,,,,,,,,,,,,,,,
措没达4,2021-09-02,1雀瞒 惑摸何,73,22.4,7.8,2.5,3.3,0.5,2.647,0.02,2.7,7.1,0,107,200,0,0,0,0,0,0,,,,,,,2.432,0.015,1,0.015,0.007,1.2,0,0,,,,,,0,0,0,0,0,0,0,,,0,0,,0,0.4,,0
措没达4,2021-09-02,1雀瞒 吝摸何,,22.5,7.8,1.8,3.2,1,2.473,0.025,2.8,7.1,0,108,100,0,0,0,0,0,0,,,,,,,1.966,0.01,1.3,0.019,0.011,1.6,0,0,,,,,,0,0,0,0,0,0,0,,,0,0,,0,,,0
措没达4,2021-09-02,1雀瞒 窍摸何,,22.4,7.9,2.1,3.5,0.6,2.565,0.02,2.9,7.2,0,107,100,0,0,0,0,0,0,,,,,,,2.348,0.015,1.1,0.012,0.007,3.6,0,0,,,,,,0,0,0,0,0,0,0,,,0,0,,0,,,0
措没达4,2021-10-07,1雀瞒 惑摸何,74.82,23.8,9.1,5.6,5.4,5.5,2.556,0.016,3.1,8.5,0,145,0,,,,,,,,,,,,,1.761,0.073,0.9,0.011,0.007,2.8,,0,,,,,,,,,,,,,,,,,,,1.1,,
措没达4,2021-10-07,1雀瞒 吝摸何,,23.2,7.3,1.8,3.5,1.1,2.144,0.039,2.1,7.3,0,154,0,,,,,,,,,,,,,1.791,0.016,1,0.017,0.01,1.2,,0,,,,,,,,,,,,,,,,,,,,,
措没达4,2021-10-07,1雀瞒 窍摸何,,22.4,5.6,1.8,3.2,0.3,2.338,0.029,1.7,7.2,0,166,0,,,,,,,,,,,,,1.816,0.034,1.4,0.019,0.011,0.4,,0,,,,,,,,,,,,,,,,,,,,,
措没达4,2021-11-03,1雀瞒 惑摸何,74.64,18.4,8.7,2,3.6,1.8,2.223,0.033,2.2,7.3,0,155,0,,,,,,,,,,,,,1.911,0.032,0.9,0.016,0.011,1.6,,0,,,,,,,,,,,,,,,,,,,2.5,,
措没达4,2021-11-03,1雀瞒 吝摸何,,18.2,9.1,1.4,3.7,3.1,2.112,0.019,2.2,7.3,0,156,0,,,,,,,,,,,,,1.856,0.031,1,0.015,0.014,2.4,,0,,,,,,,,,,,,,,,,,,,,,
措没达4,2021-11-03,1雀瞒 窍摸何,,15.3,9.8,2,4.1,0.6,2.481,0.015,1.8,7.4,0,176,0,,,,,,,,,,,,,1.918,0.038,1,0.014,0.008,2.8,,0,,,,,,,,,,,,,,,,,,,,,
措没达4,2021-12-10,1雀瞒 惑摸何,74.11,11.2,10.4,2.7,3.2,0.9,2.449,0.019,2.1,7.6,0,155,100,0,0,0,0,0,0,,,,,,,1.968,0.011,1,0.017,0.007,1.6,,0,,,,,,0,,,,,,,,,0,,,,3.1,,
措没达4,2021-12-10,1雀瞒 吝摸何,,9.8,11.2,2.4,2.8,0.5,2.201,0.024,2.1,7.4,0,160,0,0,0,0,0,0,0,,,,,,,2.012,0.031,1,0.015,0.01,1.2,,0,,,,,,0,,,,,,,,,0,,,,,,
措没达4,2021-12-10,1雀瞒 窍摸何,,6.9,12,2.7,3.5,0.6,2.455,0.025,1.7,7.5,0,179,0,0,0,0,0,0,0,,,,,,,2.085,0.047,1,0.012,0.009,0.8,,0,,,,,,0,,,,,,,,,0,,,,,,
措没达4,2022-01-05,1雀瞒 惑摸何,73.56,3.8,13.5,1.3,1.9,0.5,2.44,0.017,2,7.4,0,170,0,,,,,,,,,,,,,2.164,0.011,1.1,0.006,0.004,0.4,,0,,,,,,,,,,,,,,,,,,,4,,
措没达4,2022-01-05,1雀瞒 吝摸何,,3.8,13.3,1.3,2.9,0.6,2.621,0.017,1.9,7.4,0,170,0,,,,,,,,,,,,,2.438,0.012,1,0.008,0.004,0.8,,0,,,,,,,,,,,,,,,,,,,,,
措没达4,2022-01-05,1雀瞒 窍摸何,,3.8,13.3,2.2,5.3,0.8,2.563,0.017,2,7.4,0,170,0,,,,,,,,,,,,,2.394,0.022,0.9,0.009,0.004,1.2,,0,,,,,,,,,,,,,,,,,,,,,
措没达4,2022-02-03,1雀瞒 惑摸何,72.84,,,,,,,,,,,,,,,,,,,,,,,,,,,,,,,,,,,,,,,,,,,,,,,,,,,,,
措没达4,2022-02-03,1雀瞒 吝摸何,,,,,,,,,,,,,,,,,,,,,,,,,,,,,,,,,,,,,,,,,,,,,,,,,,,,,,
措没达4,2022-02-03,1雀瞒 窍摸何,,,,,,,,,,,,,,,,,,,,,,,,,,,,,,,,,,,,,,,,,,,,,,,,,,,,,,
措没达4,2022-03-03,1雀瞒 惑摸何,72.09,4.5,14.4,1.7,4.1,0.7,2.382,0.033,1.6,7.3,0,180,200,0,0,0,0,0,0,,,,,,,2.158,0.021,1.3,0.009,0.003,0.8,0,0,,,,,,0,0,0,0,0,0,0,,,0,0,,0,4,,
措没达4,2022-03-03,1雀瞒 吝摸何,,4.3,14.2,2.3,4.5,1.3,2.466,0.031,1.7,7.3,0,181,100,0,0,0,0,0,0,,,,,,,2.175,0.054,0.9,0.007,0.003,0.4,0,0,,,,,,0,0,0,0,0,0,0,,,0,0,,0,,,
措没达4,2022-03-03,1雀瞒 窍摸何,,4.2,13.6,1.9,3,0.9,2.692,0.014,1.7,7.4,0,181,100,0,0,0,0,0,0,,,,,,,2.318,0.042,1.2,0.009,0.004,0.8,0,0,,,,,,0,0,0,0,0,0,0,,,0,0,,0,,,
措没达4,2022-04-07,1雀瞒 惑摸何,72.07,14.2,12.6,2.8,3.6,1.3,2.691,0.028,2.4,7.9,0,186,300,,,,,,,,,,,,,2.55,0.034,1.1,0.008,0.002,0.8,,0,,,,,,,,,,,,,,,,,,,2.7,,
措没达4,2022-04-07,1雀瞒 吝摸何,,11.9,10.5,2.3,3.1,1.8,2.888,0.022,2.3,7.4,0,186,100,,,,,,,,,,,,,2.542,0.044,1.1,0.008,0.003,1.6,,0,,,,,,,,,,,,,,,,,,,,,
措没达4,2022-04-07,1雀瞒 窍摸何,,7.3,10.8,2.2,2.5,1.6,2.711,0.011,1.9,7.7,0,187,100,,,,,,,,,,,,,2.49,0.053,1,0.007,0.001,0.4,,0,,,,,,,,,,,,,,,,,,,,,
措没达4,2022-05-02,1雀瞒 惑摸何,71.8,19.9,11,1.3,4,2.1,2.413,0.013,2.4,8.2,0,168,200,,,,,,,,,,,,,2.278,0.05,1.1,0.007,0.004,2.4,,100,,,,,,,,,,,,,,,,,,,1.7,,
措没达4,2022-05-02,1雀瞒 吝摸何,,18.7,6.8,1.2,3.9,2.7,2.603,0.015,2.2,7.5,0,171,0,,,,,,,,,,,,,2.404,0.048,1.1,0.006,0.004,1.2,,0,,,,,,,,,,,,,,,,,,,,,
措没达4,2022-05-02,1雀瞒 窍摸何,,12.2,5.3,2.1,3.2,1.4,2.969,0.012,1.7,7.4,0,186,0,,,,,,,,,,,,,2.905,0.058,1,0.005,0.003,0.8,,0,,,,,,,,,,,,,,,,,,,,,
措没达4,2022-06-07,1雀瞒 惑摸何,69.5,12.1,5.6,1.5,4.5,7.5,2.471,0.013,2.4,7.5,0,193,0,0,0,0,0,0,0,,,,,,,2.211,0.065,0.6,0.009,0.004,0.4,,0,,,,,,0,,,,,,,,,0,,,,2.9,,
措没达4,2022-06-07,1雀瞒 吝摸何,,22.4,3.3,2.9,3.9,3.6,2.527,0.013,2.1,7.4,0,177,100,0,0,0,0,0,0,,,,,,,2.053,0.059,0.7,0.008,0.004,2.8,,0,,,,,,0,,,,,,,,,0,,,,,,
措没达4,2022-06-07,1雀瞒 窍摸何,,23.7,7.9,1.6,4.3,4,3.018,0.012,1.9,7.7,0,172,0,0,0,0,0,0,0,,,,,,,2.118,0.086,0.6,0.007,0.006,2.4,,0,,,,,,0,,,,,,,,,0,,,,,,
措没达4,2022-07-07,1雀瞒 惑摸何,67.99,31.6,6.6,2.7,2.8,2.6,2.332,0.028,2.4,7.6,0,178,200,,,,,,,,,,,,,1.854,0.026,0.9,0.016,0.002,1.6,,0,,,,,,,,,,,,,0,0,,,,,2.1,,
措没达4,2022-07-07,1雀瞒 吝摸何,,26.6,0.8,2.4,3.2,3,2.276,0.031,2.4,7.1,0,193,100,,,,,,,,,,,,,1.762,0.072,1,0.02,0.002,2,,0,,,,,,,,,,,,,0,0,,,,,,,
措没达4,2022-07-07,1雀瞒 窍摸何,,12.4,3.2,2.5,3.4,3.2,2.56,0.025,2,6.5,0,204,100,,,,,,,,,,,,,1.656,0.036,0.8,0.009,0.005,1.6,,0,,,,,,,,,,,,,0,0,,,,,,,
措没达4,2022-08-02,1雀瞒 惑摸何,68.25,29.6,6.9,2.5,3.8,1.5,3.009,0.035,2.1,9,0,187,300,,,,,,,,,,,,,2.213,0.028,0.8,0.015,0.003,2.4,,100,,,,,,,,,,,,,,,,,,,2.2,,
措没达4,2022-08-02,1雀瞒 吝摸何,,27.5,4.8,2.4,4.4,4.3,2.965,0.029,2.4,7.2,0,188,200,,,,,,,,,,,,,2.657,0.044,1,0.016,0.003,1.2,,0,,,,,,,,,,,,,,,,,,,,,
措没达4,2022-08-02,1雀瞒 窍摸何,,20.9,2.3,1.7,4.4,4,3.352,0.032,2.9,5.3,0,182,100,,,,,,,,,,,,,2.711,0.028,0.8,0.011,0.002,2,,0,,,,,,,,,,,,,,,,,,,,,
措没达4,2022-09-02,1雀瞒 惑摸何,73.52,25.4,7.5,2.1,5.2,3.3,3.364,0.048,3.1,7.4,0,155,200,0,0,0,0,0,0,,,,,,,2.776,0.02,1.1,0.031,0.009,2.4,0,0,,,,,,0,0,0,0,0,0,0,,,0,0,,0,1.3,,
措没达4,2022-09-02,1雀瞒 吝摸何,,24.9,6.4,1.8,4.8,0.9,3.037,0.052,2.7,7.1,0,163,100,0,0,0,0,0,0,,,,,,,2.929,0.022,1,0.028,0.012,1.6,0,0,,,,,,0,0,0,0,0,0,0,,,0,0,,0,,,
措没达4,2022-09-02,1雀瞒 窍摸何,,24.3,6.4,1.9,4.4,0.8,3.415,0.044,2.4,7,0,180,100,0,0,0,0,0,0,,,,,,,2.597,0.026,1.3,0.032,0.011,2.8,0,0,,,,,,0,0,0,0,0,0,0,,,0,0,,0,,,
措没达4,2022-10-12,1雀瞒 惑摸何,73.4,20.8,7.5,3.3,5.3,8.6,3.304,0.056,2.4,7.8,0,169,300,,,,,,,,,,,,,2.735,0.039,1.2,0.01,0.005,5.6,,100,,,,,,,,,,,,,,,,,,,1,,
措没达4,2022-10-12,1雀瞒 吝摸何,,20.7,7.4,3.5,5.3,5.5,3.549,0.045,2.5,7.7,0,168,200,,,,,,,,,,,,,2.92,0.044,1.1,0.013,0.005,2,,100,,,,,,,,,,,,,,,,,,,,,
措没达4,2022-10-12,1雀瞒 窍摸何,,20.4,7.8,2.6,3.9,7.5,3.084,0.049,2.2,7.7,0,173,200,,,,,,,,,,,,,2.751,0.042,1.1,0.006,0.005,5.6,,0,,,,,,,,,,,,,,,,,,,,,
措没达4,2022-11-07,1雀瞒 惑摸何,72.73,16.4,9.5,2,5.9,3.8,2.8,0.016,2.5,7.5,0,165,100,,,,,,,,,,,,,2.635,0.025,1.2,0.007,0.001,2,,0,,,,,,,,,,,,,,,,,,,1.9,,
措没达4,2022-11-07,1雀瞒 吝摸何,,16.1,9.3,1.7,5.9,4.5,3.07,0.021,2.6,7.5,0,165,100,,,,,,,,,,,,,2.628,0.053,1.1,0.008,0.002,1.2,,0,,,,,,,,,,,,,,,,,,,,,
措没达4,2022-11-07,1雀瞒 窍摸何,,15.6,9.6,2.8,3.6,2.5,3.024,0.027,2.2,7.5,0,171,0,,,,,,,,,,,,,2.642,0.031,1.1,0.009,0.004,4.4,,0,,,,,,,,,,,,,,,,,,,,,
措没达4,2022-12-06,1雀瞒 惑摸何,72.09,10,10.6,1.1,2.8,1.9,2.781,0.018,2.5,7.4,0,169,100,,,,,,,,,,,,,2.386,0.034,1,0.006,0.001,1.2,,0,,,,,,,,,,,,,,,,,,,2.4,,
措没达4,2022-12-06,1雀瞒 吝摸何,,9.8,10.8,1,3,2.3,2.716,0.015,2.4,7.4,0,169,0,,,,,,,,,,,,,2.676,0.031,1,0.007,0.001,0.8,,0,,,,,,,,,,,,,,,,,,,,,
措没达4,2022-12-06,1雀瞒 窍摸何,,9.2,11.2,1.1,2.9,2.2,2.787,0.014,2.3,7.4,0,175,0,,,,,,,,,,,,,2.566,0.03,0.9,0.004,0.001,0.8,,0,,,,,,,,,,,,,,,,,,,,,
措没达4,2023-01-04,1雀瞒 惑摸何,71.3,,,,,,,,,,,,,,,,,,,,,,,,,,,,,,,,,,,,,,,,,,,,,,,,,,,0,,
措没达4,2023-01-04,1雀瞒 吝摸何,,,,,,,,,,,,,,,,,,,,,,,,,,,,,,,,,,,,,,,,,,,,,,,,,,,,,,
措没达4,2023-01-04,1雀瞒 窍摸何,,,,,,,,,,,,,,,,,,,,,,,,,,,,,,,,,,,,,,,,,,,,,,,,,,,,,,
措没达4,2023-02-01,1雀瞒 惑摸何,70.72,,,,,,,,,,,,,,,,,,,,,,,,,,,,,,,,,,,,,,,,,,,,,,,,,,,,,
措没达4,2023-02-01,1雀瞒 吝摸何,,,,,,,,,,,,,,,,,,,,,,,,,,,,,,,,,,,,,,,,,,,,,,,,,,,,,,
措没达4,2023-02-01,1雀瞒 窍摸何,,,,,,,,,,,,,,,,,,,,,,,,,,,,,,,,,,,,,,,,,,,,,,,,,,,,,,
